Timestamp,PM2.5 (µg/m³),PM10 (µg/m³),NO (µg/m³),NO2 (µg/m³),NOx (ppb),NH3 (µg/m³),SO2 (µg/m³),CO (mg/m³),Ozone (µg/m³),Benzene (µg/m³),Toluene (µg/m³),Xylene (µg/m³),O Xylene (µg/m³),Eth-Benzene (µg/m³),MP-Xylene (µg/m³),AT (°C),RH (%),WS (m/s),WD (deg),RF (mm),TOT-RF (mm),SR (W/mt2),BP (mmHg),VWS (m/s)
2023-01-01,70.54761904761905,101.5,10.786805555555555,69.06458333333333,44.53993055555555,44.36840277777778,6.528472222222223,1.0176041666666666,20.986805555555556,0.1416666666666667,0.14500000000000002,,,,,24.539583333333336,43.552083333333336,,133.69791666666666,,,,724.2604166666666,
2023-01-02,57.07936507936508,88.60964912280701,10.394791666666666,66.0267361111111,42.40173611111111,43.511805555555554,5.993840579710145,0.8655902777777778,21.613541666666666,0.16212121212121214,0.13333333333333333,,,,,23.503125,43.760416666666664,,141.24305555555557,,,,724.1215277777778,
2023-01-03,49.673611111111114,85.32986111111111,9.393402777777778,66.74756944444444,41.76076388888889,46.34375,6.636111111111112,0.7945833333333333,21.61423611111111,0.1590277777777778,0.11833333333333332,,,,,22.889583333333334,43.982638888888886,,141.13194444444443,,,,724.3854166666666,
2023-01-04,57.013888888888886,91.30208333333333,11.112499999999999,64.38020833333333,40.896875,41.639583333333334,6.661458333333333,0.9006597222222222,21.340625,0.12840909090909092,0.15555555555555556,,,,,22.567708333333332,44.052083333333336,,136.94791666666666,,,,723.3958333333334,
2023-01-05,45.517361111111114,83.25,10.155681818181819,61.51527777777778,34.532291666666666,33.31060606060606,6.497826086956521,0.8446875,22.186458333333334,0.12083333333333333,0.15740740740740738,,,,,21.912847222222222,44.15625,,136.89583333333334,,,,723.7916666666666,
2023-01-06,58.90625,105.5625,9.920416666666666,84.10530303030303,36.34375,25.63015873015873,6.365972222222222,0.9510416666666667,22.101041666666664,0.1503787878787879,0.12678571428571428,,,,,22.333333333333332,44.142361111111114,,126.34375,,,,724.7291666666666,
2023-01-07,71.90277777777779,118.125,9.768478260869564,87.71507936507936,41.47326388888889,30.801190476190477,6.181597222222223,1.1930208333333334,21.777083333333334,0.1423913043478261,0.21916666666666665,,,,,22.366319444444443,44.05902777777778,,126.9201388888889,,,,724.3333333333334,
2023-01-08,91.25347222222223,140.06944444444443,9.152083333333334,50.6725,14.668750000000001,14.408333333333333,4.875,1.2669791666666665,21.920833333333334,0.3013888888888889,0.14404761904761904,,,,,22.944791666666664,44.041666666666664,,123.73958333333333,,,,723.15625,
2023-01-09,64.06597222222221,134.57608695652175,8.75173611111111,0.25,5.522222222222222,0.573076923076923,5.608333333333333,1.3357291666666666,21.760416666666668,0.1982638888888889,0.18055555555555555,,,,,22.493750000000002,44.06944444444445,,133.6875,,,,723.9895833333334,
2023-01-10,41.65972222222222,119.15972222222223,8.910416666666666,0.1,5.680208333333333,0.2916666666666667,7.162847222222222,1.058159722222222,22.134722222222223,0.21215277777777777,0.13402777777777777,,,,,21.924305555555552,44.239583333333336,,129.31944444444443,,,,723.6666666666666,
2023-01-11,38.61666666666667,110.41666666666667,8.604166666666668,0.5,5.3845833333333335,0.5363636363636364,6.9868421052631575,1.092280701754386,21.918859649122805,0.274537037037037,0.5925,,,,,23.515416666666667,43.89473684210526,,134.640350877193,,,,721.3552631578947,
2023-01-12,42.91319444444445,122.46527777777777,8.610069444444443,,5.453472222222222,0.4117647058823529,7.052777777777777,1.3171527777777776,21.936111111111114,0.22604166666666667,0.22777777777777777,,,,,23.715277777777775,43.677083333333336,,138.34027777777777,,,,720.71875,
2023-01-13,42.583333333333336,121.5,8.722916666666666,,5.547569444444444,0.6194444444444445,6.33125,1.2057291666666667,22.765625,0.186231884057971,0.186231884057971,,,,,23.84583333333333,43.697916666666664,,146.56944444444443,,,,720.8541666666666,
2023-01-14,70.30902777777779,121.91666666666667,8.719791666666667,,5.426041666666666,0.45294117647058824,5.879166666666666,1.4493055555555554,23.054513888888888,1.207638888888889,0.10579710144927537,,,,,23.34201388888889,43.833333333333336,,140.67013888888889,,,,721.0173611111112,
2023-01-15,48.34375,137.93055555555557,8.74375,,5.664583333333333,0.43666666666666665,6.366666666666667,0.9913888888888889,23.15416666666667,0.7927083333333332,0.2391304347826087,,,,,23.77013888888889,43.71875,,146.19791666666666,,,,719.9166666666666,
2023-01-16,47.65625,136.38194444444443,8.632291666666667,0.2,5.532291666666667,0.255,5.773958333333333,1.2119444444444445,22.554166666666664,0.16666666666666666,0.14166666666666666,,,,,24.09131944444444,43.666666666666664,,150.96875,,,,720.5729166666666,
2023-01-17,33.08680555555555,94.41666666666667,8.81875,0.4,5.708333333333333,0.46470588235294114,5.542708333333334,0.7768402777777778,22.927083333333332,0.10000000000000002,0.10000000000000002,,,,,23.5125,43.875,,150.02083333333334,,,,721.3645833333334,
2023-01-18,31.458333333333332,89.83680555555556,8.659374999999999,0.1,5.703125,0.3318181818181818,6.388541666666666,0.9318055555555556,21.84375,0.10000000000000002,0.10000000000000002,,,,,22.485763888888886,44.052083333333336,,138.41666666666666,,,,722.8645833333334,
2023-01-19,37.57986111111111,107.03819444444446,8.901041666666666,,5.685416666666666,0.46,4.2437499999999995,1.0012152777777776,21.847916666666666,0.10000000000000002,0.10000000000000002,,,,,22.789236111111112,44.135416666666664,,134.42708333333334,,,,723.03125,
2023-01-20,34.041666666666664,97.22569444444444,8.973958333333334,0.2,5.719791666666667,0.3794871794871795,4.752430555555556,0.8431944444444445,22.079513888888886,0.1,0.1,,,,,21.95,44.145833333333336,,142.26388888888889,,,,722.8159722222222,
2023-01-21,33.77777777777778,96.10416666666667,9.166666666666666,,5.91875,0.35,4.675,0.7852777777777776,21.56458333333333,,,,,,,19.959722222222222,44.604166666666664,,138.04166666666666,,,,723.0208333333334,
2023-01-22,,,,,,,,,,,,,,,,,,,,,,,,
2023-01-23,89.97727272727273,82.87121212121212,9.120454545454546,96.8375,8.07348484848485,3.3125,6.791666666666667,1.24475,22.686363636363637,,,,,,,23.325,43.77272727272727,,143.52272727272728,,,,719.8636363636364,
2023-01-24,25.550724637681157,72.85144927536231,8.728260869565217,0.8999999999999999,5.6706521739130435,0.3576923076923077,6.1637681159420294,0.7096739130434784,21.243478260869566,,,,,,,23.240942028985504,44.03260869565217,,148.8949275362319,,,,720.1739130434783,
2023-01-25,115.67708333333333,85.92424242424242,8.598263888888889,0.3,5.575,0.4166666666666667,5.79375,0.8502777777777778,21.709722222222222,0.15052083333333333,0.6927083333333334,,,,,23.039583333333336,43.91319444444445,,143.04166666666666,,,,720.34375,
2023-01-26,67.96527777777777,95.8659420289855,8.709375,,5.572916666666667,0.3222222222222222,6.270833333333333,0.7758333333333334,21.608333333333334,0.11493055555555555,0.5180555555555556,,,,,23.047569444444445,43.854166666666664,,142.375,,,,720.3020833333334,
2023-01-27,585.875,115.5,8.595833333333333,,5.492708333333333,,6.667013888888889,0.9378125,22.272916666666664,0.13645833333333332,0.6229166666666667,,,,,23.41944444444444,43.739583333333336,,144.04166666666666,,,,720.4375,
2023-01-28,42.09375,120.12152777777777,8.628124999999999,12.466666666666669,5.658333333333334,0.7,6.86388888888889,0.9175,21.467708333333334,0.13854166666666667,0.6041666666666666,,,,,23.587847222222223,43.708333333333336,,135.8125,,,,719.75,
2023-01-29,38.05902777777778,108.72916666666667,8.61701388888889,,5.500694444444444,,5.543055555555555,0.8337500000000001,21.894444444444446,0.11562500000000002,0.5517361111111111,,,,,23.599999999999998,43.770833333333336,,134.24305555555557,,,,718.65625,
2023-01-30,40.79861111111111,116.8576388888889,8.642708333333333,,5.535416666666666,,6.782291666666667,1.06375,20.998958333333334,0.15520833333333334,0.7062499999999999,,,,,24.077430555555555,43.729166666666664,,133.55208333333334,,,,720.0,
2023-01-31,39.40625,112.63541666666667,8.619791666666666,,5.5055555555555555,,7.020833333333333,1.1869097222222222,20.716319444444444,0.18229166666666666,0.7847222222222222,,,,,24.4875,43.479166666666664,,121.50694444444444,,,,719.8472222222222,
2023-02-01,85.875,168.6875,8.673263888888888,34.75,5.844791666666667,1.2,5.834027777777777,1.1365277777777778,20.95625,0.16666666666666666,0.748611111111111,,,,,24.265625,43.697916666666664,,113.97916666666667,,,,719.5833333333334,
2023-02-02,114.58333333333331,137.31140350877192,8.468421052631578,,5.472368421052631,,5.877631578947368,1.1431578947368422,22.846929824561403,0.18194444444444444,0.756578947368421,,,,,22.65219298245614,44.078947368421055,,110.03508771929823,,,,720.2631578947369,
2023-02-03,67.8125,116.75694444444444,8.574652777777777,,5.462847222222222,,6.169097222222223,1.0802083333333334,21.605555555555554,0.16527777777777777,0.717361111111111,,,,,23.47326388888889,44.06944444444445,,125.36805555555556,,,,720.5416666666666,
2023-02-04,37.85069444444444,108.0625,8.616666666666665,,5.517708333333334,,6.8875,0.9768055555555556,21.66979166666667,0.15454545454545454,0.646875,,,,,25.67013888888889,43.291666666666664,,127.9375,,,,719.9166666666666,
2023-02-05,35.27430555555556,100.625,8.629166666666666,,5.5093749999999995,,7.0406249999999995,0.86625,22.905208333333334,0.1232638888888889,0.5777777777777778,,,,,25.848958333333332,43.03125,,139.51041666666666,,,,719.4270833333334,
2023-02-06,37.99305555555556,108.39583333333333,8.63125,,5.519791666666666,,6.364583333333333,1.3061111111111112,23.171875,0.1875,0.8586805555555556,,,,,25.314930555555552,43.208333333333336,,140.71875,,,,720.0625,
2023-02-07,39.420138888888886,112.60416666666667,8.595833333333333,,5.494791666666667,,7.022569444444444,1.0773958333333333,24.665625000000002,0.15520833333333334,0.7104166666666667,,,,,25.922569444444445,43.020833333333336,,172.5,,,,719.875,
2023-02-08,47.28472222222222,134.97222222222223,8.580208333333333,85.0125,19.84861111111111,57.29642857142857,7.004166666666666,1.1859374999999999,23.277083333333334,0.17708333333333334,0.782638888888889,,,,,26.34201388888889,42.885416666666664,,136.9375,,,,719.875,
2023-02-09,44.8125,127.80208333333333,7.871875,80.03020833333333,48.96666666666667,69.63229166666666,7.199652777777778,1.1157638888888888,20.7,0.1638888888888889,0.7385416666666668,,,,,25.801041666666666,43.135416666666664,,129.96875,,,,720.625,
2023-02-10,45.913194444444436,131.09722222222223,8.014583333333333,80.346875,49.25104166666667,71.48333333333333,6.830208333333334,1.2593055555555555,21.801041666666666,0.18437499999999998,0.8288194444444444,,,,,25.79201388888889,43.0625,,125.19791666666667,,,,721.8333333333334,
2023-02-11,45.93402777777778,131.02083333333334,8.028125000000001,83.67083333333333,51.028124999999996,80.04895833333333,6.202430555555556,1.3635069444444445,22.047916666666666,0.2027777777777778,0.9020833333333332,,,,,25.879166666666666,43.041666666666664,,131.63541666666666,,,,722.0416666666666,
2023-02-12,40.104166666666664,114.375,7.839583333333334,70.878125,44.07395833333334,76.45416666666667,6.079166666666667,0.9462847222222223,21.942708333333332,0.13715277777777776,0.6277777777777778,,,,,26.186458333333334,43.052083333333336,,132.90625,,,,722.125,
2023-02-13,109.59375,132.2427536231884,7.998263888888889,89.50381944444445,54.10381944444444,89.07916666666667,6.775347222222223,1.1702777777777778,22.014583333333334,0.1715277777777778,0.7763888888888889,,,,,26.327430555555555,42.96527777777778,,120.22916666666667,,,,722.1805555555555,
2023-02-14,65.30208333333333,134.65972222222223,7.961805555555556,94.36527777777779,56.66597222222222,84.0670138888889,6.320138888888889,1.2748263888888889,25.327430555555555,0.18993055555555557,0.8357638888888889,,,,,26.241666666666664,42.97569444444445,,127.77777777777777,,,,721.71875,
2023-02-15,47.232638888888886,134.94791666666666,8.154166666666667,89.31458333333335,54.135416666666664,91.27291666666667,6.642361111111111,1.2392361111111112,20.902083333333334,0.18611111111111112,0.8211805555555557,,,,,26.04513888888889,43.135416666666664,,127.82291666666667,,,,720.34375,
2023-02-16,46.739583333333336,133.28472222222223,7.9906250000000005,87.59791666666666,53.08958333333334,83.33541666666666,6.970138888888889,1.0299305555555556,21.569791666666664,0.1482638888888889,0.6774305555555555,,,,,25.962152777777778,43.0625,,122.39583333333333,,,,720.3020833333334,
2023-02-17,43.295138888888886,123.7951388888889,7.917708333333334,83.69270833333333,50.953125,75.109375,6.26875,1.0922916666666667,20.769791666666666,0.16041666666666668,0.71875,,,,,25.662499999999998,43.260416666666664,,130.13541666666666,,,,721.1041666666666,
2023-02-18,48.61111111111111,139.03125,7.965625,80.76041666666667,49.43020833333333,79.14166666666667,6.60625,1.145138888888889,20.538541666666667,0.165625,0.7586805555555555,,,,,26.083333333333332,43.135416666666664,,137.53125,,,,721.0833333333334,
2023-02-19,58.44097222222222,87.84027777777777,7.9475694444444445,59.56111111111111,38.13645833333333,71.94305555555555,5.85625,0.8850347222222221,20.865277777777777,0.12986111111111112,0.5805555555555556,,,,,25.79201388888889,43.15277777777778,,142.61805555555554,,,,721.2881944444445,
2023-02-20,34.24652777777778,97.6701388888889,8.027083333333334,68.62083333333334,43.02708333333334,71.37916666666666,6.168055555555555,1.103611111111111,19.390625,0.16527777777777777,0.7288194444444445,,,,,26.038888888888888,43.09375,,145.23958333333334,,,,721.4895833333334,
2023-02-21,43.114583333333336,123.54166666666667,8.059375,82.57708333333333,50.47604166666667,83.034375,6.434375,1.1396875,21.596875,0.17118055555555556,0.7520833333333333,,,,,26.50208333333333,43.0,,132.5625,,,,722.0,
2023-02-22,47.83680555555555,136.80902777777777,8.021875,86.465625,52.518750000000004,89.61458333333333,6.182638888888889,1.0142013888888888,19.678124999999998,0.14548611111111112,0.6684027777777778,,,,,26.50451388888889,43.041666666666664,,124.96875,,,,721.3854166666666,
2023-02-23,49.854166666666664,142.71527777777777,7.940625,88.171875,53.353125,86.68020833333333,6.240277777777778,1.1420833333333333,21.203125,0.16805555555555554,0.7506944444444444,,,,,25.773611111111112,43.229166666666664,,124.58333333333333,,,,721.1979166666666,
2023-02-24,34.82986111111111,99.7048611111111,7.752083333333334,75.25104166666667,46.328125,71.96979166666667,6.389930555555555,1.0493055555555555,17.412499999999998,0.15625,0.6875,,,,,26.057291666666668,43.208333333333336,,129.19791666666666,,,,721.875,
2023-02-25,96.77777777777777,113.44565217391305,7.8218749999999995,85.971875,52.083333333333336,84.82187499999999,6.086956521739131,1.1156944444444445,17.95625,0.16944444444444443,0.7312500000000001,,,,,26.560069444444448,43.041666666666664,,128.36111111111111,,,,723.7013888888888,
2023-02-26,39.00694444444444,111.40277777777777,8.001041666666667,80.64375,49.38958333333333,85.59270833333333,6.898263888888889,0.8497569444444445,23.054166666666664,0.11458333333333333,0.5611111111111111,,,,,25.92673611111111,43.15625,,126.14583333333333,,,,724.7291666666666,
2023-02-27,33.06597222222222,94.40277777777777,7.983333333333333,74.40833333333333,46.06979166666667,75.07395833333334,6.006597222222222,0.9483680555555556,21.54479166666667,0.14166666666666666,0.625,,,,,24.969791666666666,43.447916666666664,,131.1875,,,,724.8645833333334,
2023-02-28,36.36805555555555,103.74305555555556,7.987847222222222,76.56805555555556,47.22326388888889,84.11770833333334,6.254513888888888,1.0027083333333333,21.87222222222222,0.14722222222222223,0.6673611111111111,,,,,25.056597222222223,43.40625,,132.17708333333334,,,,724.59375,
2023-03-01,33.94444444444444,96.96875,7.9624999999999995,62.315625000000004,39.62291666666667,76.03958333333334,5.845833333333334,0.9790972222222223,20.945833333333333,0.140625,0.65,,,,,25.411458333333332,43.375,,128.72916666666666,,,,724.5625,
2023-03-02,36.62847222222222,104.66666666666667,8.014583333333333,75.21979166666667,46.52708333333334,70.49583333333334,5.953472222222222,0.8440972222222222,21.34583333333333,0.12291666666666666,0.5545138888888889,,,,,25.30798611111111,43.364583333333336,,123.86458333333333,,,,725.2291666666666,
2023-03-03,40.64930555555555,115.8611111111111,7.867708333333333,84.18333333333334,51.18333333333334,78.26666666666667,6.917708333333334,0.8885763888888888,22.06458333333333,0.13229166666666667,0.5875,,,,,25.440972222222225,43.395833333333336,,130.58333333333334,,,,725.7291666666666,
2023-03-04,36.28125,103.69097222222223,8.011458333333334,85.95104166666665,52.231249999999996,96.66875,6.4937499999999995,0.9777777777777777,21.704166666666666,0.14756944444444445,0.6437499999999999,,,,,26.14513888888889,43.135416666666664,,126.67708333333333,,,,725.4375,
2023-03-05,116.05902777777777,95.4621212121212,7.880208333333333,74.56805555555556,46.07604166666667,87.97013888888888,6.182986111111112,0.8323611111111111,21.348958333333332,0.12256944444444445,0.5579861111111112,,,,,26.775000000000002,43.09375,,130.46527777777777,,,,724.90625,
2023-03-06,35.81944444444444,102.46875,8.09375,77.02916666666667,47.54791666666667,89.27604166666667,5.759027777777778,0.9136458333333333,20.567708333333332,0.13645833333333332,0.6013888888888889,,,,,26.36111111111111,43.166666666666664,,130.80208333333334,,,,723.4791666666666,
2023-03-07,34.00694444444444,97.16319444444444,7.951041666666666,74.05,45.85104166666667,87.24270833333333,6.717361111111111,0.9092013888888889,20.297916666666666,0.13159722222222223,0.5965277777777778,,,,,26.21631944444444,43.239583333333336,,131.32291666666666,,,,722.6875,
2023-03-08,33.41319444444444,95.27083333333333,7.967708333333333,70.92708333333333,44.208333333333336,80.18958333333333,6.389236111111111,0.8390277777777778,20.213541666666668,0.1267361111111111,0.5579861111111112,,,,,25.729166666666668,43.291666666666664,,125.61458333333333,,,,722.46875,
2023-03-09,68.58680555555556,98.4236111111111,7.940625,81.47708333333334,49.78888888888889,80.65451388888889,6.032986111111111,0.8887152777777777,21.09027777777778,0.3378472222222222,1.5381944444444444,,,,,25.431250000000002,43.28125,,128.125,,,,721.9895833333334,
2023-03-10,123.91319444444444,96.9128787878788,7.880902777777778,71.40833333333333,44.38576388888888,80.43055555555556,6.048958333333334,0.9652499999999999,20.55173611111111,0.14083333333333334,0.6391666666666667,,,,,25.634027777777778,43.37847222222222,,132.49652777777777,,,,721.5798611111112,
2023-03-11,37.5625,107.31944444444444,8.004166666666666,76.28854166666666,47.088541666666664,101.4875,6.512152777777778,1.0155555555555555,20.677083333333332,0.15416666666666667,0.6687500000000001,,,,,25.896527777777777,43.354166666666664,,126.34375,,,,721.3541666666666,
2023-03-12,27.07986111111111,77.27777777777779,7.948958333333334,49.840624999999996,32.978125,82.80624999999999,5.646527777777778,0.7336111111111111,19.996875,0.10520833333333333,0.484375,,,,,26.010416666666668,43.385416666666664,,129.21875,,,,721.1770833333334,
2023-03-13,27.98611111111111,79.80555555555556,7.95,49.021875,32.53541666666667,84.13125000000001,5.03125,0.8721180555555555,19.182291666666668,0.12152777777777778,0.576388888888889,,,,,27.20486111111111,43.072916666666664,,143.41666666666666,,,,720.0729166666666,
2023-03-14,116.69166666666665,99.12037037037037,7.834999999999999,50.222500000000004,33.085,72.9475,5.538888888888889,0.8500925925925925,21.585,0.125,0.5740740740740741,,,,,23.8725,43.675,,129.675,,,,720.15,
2023-03-15,695.0,,6.3999999999999995,34.233333333333334,15.155555555555557,57.43333333333333,6.783333333333333,1.7316666666666665,18.7,0.26666666666666666,1.1166666666666667,,,,,26.355555555555554,42.833333333333336,,205.66666666666666,,,,719.5,
2023-03-16,150.83333333333334,80.53846153846153,7.7988888888888885,49.848214285714285,30.553333333333335,92.27499999999999,5.164285714285714,1.1026785714285714,10.034523809523808,0.1476190476190476,0.7238095238095238,,,,,28.401666666666664,42.577777777777776,,182.4111111111111,,,,718.6,
2023-03-17,164.47222222222223,72.82608695652173,7.817361111111111,45.638194444444444,30.477777777777778,74.16979166666667,5.6949275362318845,0.6586904761904763,17.716319444444444,0.1142857142857143,0.4166666666666667,,,,,26.39375,42.93055555555555,,167.97916666666666,,,,719.0798611111112,
2023-03-18,17.23263888888889,49.02430555555555,7.897916666666666,33.88854166666666,24.45,62.348958333333336,5.747222222222223,,17.665625000000002,,,,,,,26.03611111111111,43.177083333333336,,166.70833333333334,,,,718.2083333333334,
2023-03-19,44.61805555555555,52.763888888888886,7.87951388888889,34.36875,24.60729166666667,62.44895833333334,5.845486111111111,0.49886363636363634,18.131249999999998,0.1,0.3287878787878788,,,,,26.759027777777778,43.104166666666664,,237.73263888888889,,,,717.3958333333334,
2023-03-20,20.47222222222222,58.43518518518518,7.699999999999999,28.219444444444445,21.27777777777778,53.269444444444446,5.6938405797101455,0.7079166666666666,19.369444444444444,0.1,0.4666666666666667,,,,,23.07037037037037,43.09722222222222,,248.3715277777778,,,,716.8298611111112,
2023-03-21,,,,,,,6.0218750000000005,0.9855072463768116,,0.15289855072463768,0.6478260869565218,,,,,,43.052083333333336,,240.20833333333334,,,,717.1875,
2023-03-22,,,,,,,5.883680555555556,0.8707638888888889,,0.13055555555555556,0.576388888888889,,,,,,42.892361111111114,,208.55555555555554,,,,717.5173611111112,
2023-03-23,,,,,,,5.730902777777778,1.0368115942028986,,0.1565217391304348,0.6782608695652174,,,,,,42.895833333333336,,226.6909722222222,,,,717.8576388888888,
2023-03-24,,,,,,,5.538194444444444,0.6719097222222222,,0.10909090909090909,0.4392361111111111,,,,,,42.829861111111114,,223.88888888888889,,,,717.9826388888888,
2023-03-25,71.5,53.767857142857146,7.84702380952381,32.31428571428571,23.574404761904763,81.52976190476191,5.013888888888889,0.33575757575757575,23.967261904761905,0.1,0.22803030303030303,,,,,30.675,42.964285714285715,,212.12698412698415,,,,719.2698412698412,
2023-03-26,146.81060606060603,68.875,7.395454545454545,43.09166666666667,26.026515151515152,72.21083333333334,5.225,2.5949999999999998,25.283333333333335,0.37333333333333335,1.7149999999999999,,,,,28.934848484848484,42.75,,226.9318181818182,,,,718.4090909090909,
2023-03-27,109.24305555555556,93.36742424242425,7.940625,60.91527777777778,38.855555555555554,79.64722222222223,5.208333333333333,1.257673611111111,21.852430555555557,0.17777777777777778,0.826736111111111,,,,,28.896527777777777,42.739583333333336,,210.79861111111111,,,,718.6666666666666,
2023-03-28,39.88888888888889,114.0138888888889,7.858333333333333,72.2375,44.81354166666667,101.12291666666665,5.014236111111111,1.041076388888889,23.519791666666666,0.146875,0.6885416666666666,,,,,30.282291666666666,42.59375,,173.95833333333334,,,,718.375,
2023-03-29,114.83680555555554,74.56597222222221,7.9125000000000005,38.25625,26.785069444444446,83.92083333333333,5.294444444444444,0.5995833333333334,22.17465277777778,0.4458333333333333,1.9812500000000002,,,,,28.822222222222223,42.94097222222222,,213.7222222222222,,,,719.3958333333334,
2023-03-30,74.47569444444444,73.3913043478261,7.610069444444445,48.9125,32.123958333333334,74.79062499999999,5.594927536231884,1.0095652173913043,22.370833333333334,0.16287878787878787,0.6695652173913044,,,,,28.162847222222222,43.07608695652174,,230.2391304347826,,,,718.945652173913,
2023-03-31,24.447916666666668,69.75347222222221,7.9913194444444455,46.48993055555556,31.224652777777777,72.78923611111111,5.439583333333334,0.9760069444444445,23.027083333333334,0.14930555555555555,0.6486111111111111,,,,,28.40416666666667,42.927083333333336,,220.07638888888889,,,,717.8333333333334,
2023-04-01,25.17361111111111,71.94444444444444,8.022916666666667,44.168749999999996,30.023958333333336,91.909375,5.577430555555555,0.6930902777777778,23.133333333333336,0.12065217391304348,0.46423611111111107,,,,,29.30972222222222,42.770833333333336,,220.36458333333334,,,,717.7708333333334,
2023-04-02,22.472222222222225,64.29513888888889,7.83263888888889,36.855555555555554,25.972222222222225,75.1204861111111,5.725347222222222,0.6114930555555556,23.226388888888888,0.11708333333333334,0.40902777777777777,,,,,29.054166666666664,42.86805555555555,,229.10763888888889,,,,717.5798611111112,
2023-04-03,61.51736111111111,89.2986111111111,7.923913043478261,45.25869565217391,30.518478260869564,74.67934782608695,5.278985507246377,1.3089492753623189,22.07608695652174,0.186231884057971,0.8659420289855071,,,,,28.614930555555556,42.94565217391305,,206.5072463768116,,,,717.4239130434783,
2023-04-04,18.18402777777778,51.68055555555555,7.880902777777778,33.844791666666666,24.24236111111111,65.50937499999999,5.5456521739130435,0.7959782608695652,21.879166666666666,0.12803030303030305,0.5293478260869565,,,,,25.94236111111111,43.375,,219.84375,,,,719.2604166666666,
2023-04-05,36.364583333333336,104.125,7.908333333333334,58.12604166666667,37.35208333333333,86.58645833333333,5.164236111111111,0.8072222222222223,22.397916666666664,0.11909722222222223,0.5343749999999999,,,,,28.927083333333332,42.875,,202.70833333333334,,,,718.4791666666666,
2023-04-06,117.05208333333333,76.07142857142857,7.938541666666667,45.731249999999996,30.784375,88.92291666666667,5.011458333333334,0.7124305555555556,21.464583333333334,0.11805555555555557,0.47256944444444443,,,,,28.79479166666667,43.052083333333336,,191.11458333333334,,,,718.90625,
2023-04-07,395.68055555555554,81.35416666666667,7.858333333333333,36.20798611111111,25.65451388888889,86.33194444444445,5.6656249999999995,0.6034027777777778,22.277777777777775,0.10217391304347827,0.40138888888888885,,,,,28.811458333333334,42.958333333333336,,168.22916666666666,,,,720.4791666666666,
2023-04-08,20.96875,80.55208333333333,8.011458333333334,56.00833333333333,36.30104166666667,67.47812499999999,5.774652777777778,0.7111458333333333,21.413541666666664,0.10833333333333334,0.47291666666666665,,,,,28.859375,42.833333333333336,,144.14583333333334,,,,721.9375,
2023-04-09,17.96527777777778,69.08333333333333,8.033680555555556,43.9,29.880902777777777,57.871874999999996,5.761458333333334,0.5622916666666666,21.789930555555557,0.10000000000000002,0.37708333333333327,,,,,28.427777777777777,42.83680555555555,,147.09375,,,,722.375,
2023-04-10,17.09375,65.35416666666667,8.015625,47.42916666666667,31.743750000000002,55.98541666666667,5.546180555555556,0.7401388888888888,21.311458333333334,0.11458333333333333,0.48923611111111115,,,,,28.717708333333334,42.770833333333336,,144.16666666666666,,,,721.0625,
2023-04-11,19.125,73.425,7.913888888888889,59.61354166666666,38.050000000000004,64.42604166666666,5.3062499999999995,0.8509027777777778,21.978125000000002,0.13958333333333334,0.5656249999999999,,,,,29.601041666666664,42.677083333333336,,142.79861111111111,,,,721.1388888888888,
2023-04-12,23.65625,90.78472222222223,8.052083333333334,65.01666666666667,41.128125000000004,71.25625000000001,5.807291666666667,0.8398611111111111,20.246875,0.11770833333333335,0.5579861111111111,,,,,30.092361111111114,42.5625,,154.29166666666666,,,,720.8229166666666,
2023-04-13,25.39236111111111,97.21180555555556,7.973958333333333,67.51666666666667,42.39479166666667,82.75520833333333,5.970486111111111,0.8743055555555556,22.3125,0.12222222222222222,0.5875,,,,,30.912499999999998,42.40625,,153.4375,,,,720.375,
2023-04-14,22.267857142857142,85.82738095238095,7.7375,64.60104166666666,40.40833333333333,90.45520833333335,8.709782608695651,0.9577898550724638,22.188690476190477,0.1465909090909091,0.6369565217391304,,,,,33.63928571428571,42.385416666666664,,172.38541666666666,,,,720.1041666666666,
2023-04-15,28.13888888888889,108.2048611111111,8.119444444444445,73.28993055555556,45.588541666666664,81.93541666666667,5.792013888888889,1.1429861111111113,20.903472222222224,0.16805555555555554,0.7479166666666667,,,,,29.90347222222222,42.552083333333336,,165.96527777777777,,,,719.7465277777778,
2023-04-16,28.443181818181817,109.64772727272727,8.310984848484848,68.05681818181819,42.95757575757575,32.33598484848485,6.995138888888889,1.3734027777777778,23.22159090909091,0.20104166666666667,0.9055555555555556,,,,,30.69280303030303,42.37152777777778,,163.07986111111111,,,,718.2534722222222,
2023-04-17,24.51736111111111,94.47569444444444,7.8524305555555545,57.42326388888889,36.928125,26.77361111111111,7.428819444444444,0.9452777777777778,24.98611111111111,0.1486111111111111,0.646875,,,,,29.985763888888886,42.229166666666664,,173.26388888888889,,,,718.4791666666666,
2023-04-18,23.631944444444443,91.1076388888889,7.848611111111111,57.30034722222223,36.70381944444444,28.55972222222222,7.989855072463769,1.1674305555555555,25.288541666666664,0.17971014492753626,0.7781250000000001,,,,,30.84583333333333,41.979166666666664,,180.22916666666666,,,,719.3020833333334,
2023-04-19,24.25,92.88257575757575,7.932246376811594,57.275,36.915217391304346,28.405797101449277,6.017753623188406,1.458030303030303,23.83731884057971,0.20909090909090908,0.9689393939393939,,,,,30.906884057971016,41.95652173913044,,195.8985507246377,,,,717.1304347826087,
2023-04-20,23.2463768115942,89.54710144927537,7.693402777777778,40.26423611111111,27.450694444444448,24.143402777777776,5.819202898550725,1.0655797101449276,20.626388888888886,0.16050724637681157,0.7032608695652174,,,,,30.255208333333332,42.19444444444444,,242.16319444444446,,,,715.2604166666666,
2023-04-21,26.354166666666668,100.9861111111111,7.8187500000000005,47.23541666666667,31.48645833333333,21.063541666666666,7.379861111111111,0.9392361111111112,19.626041666666666,0.13159722222222223,0.6236111111111111,,,,,28.536458333333332,42.583333333333336,,215.76041666666666,,,,715.4791666666666,
2023-04-22,20.397727272727273,78.43181818181819,7.861742424242425,43.06098484848485,29.296212121212122,20.017045454545453,6.92689393939394,0.8864772727272728,20.425757575757576,0.12537878787878787,0.584469696969697,,,,,29.06742424242424,42.43181818181818,,221.4280303030303,,,,715.6590909090909,
2023-04-23,17.288194444444446,66.36458333333333,7.8125,40.77777777777778,28.043055555555554,19.239583333333332,6.148958333333333,0.7619097222222222,19.097569444444442,0.10798611111111112,0.5104166666666666,,,,,29.876388888888886,42.239583333333336,,231.38541666666666,,,,715.71875,
2023-04-24,13.496376811594203,51.96376811594203,7.787847222222222,29.863541666666666,22.217708333333334,17.823958333333334,6.520833333333333,0.9492013888888889,20.0625,0.16401515151515153,0.6451388888888888,,,,,29.579166666666666,42.333333333333336,,180.6284722222222,,,,717.0069444444445,
2023-04-25,11.784722222222221,45.614583333333336,7.904166666666666,27.338541666666668,20.966666666666665,16.801041666666666,6.445486111111111,0.6195486111111111,19.158333333333335,0.11666666666666667,0.45,,,,,29.071875000000002,42.552083333333336,,177.88541666666666,,,,717.8854166666666,
2023-04-26,16.065217391304348,62.04710144927536,7.750694444444444,39.43472222222223,27.28611111111111,17.438194444444445,6.437152777777778,1.1963541666666666,19.084027777777777,0.17847222222222223,0.7923611111111111,,,,,29.04409722222222,42.458333333333336,,185.16666666666666,,,,717.75,
2023-04-27,19.26736111111111,74.40277777777779,7.911458333333333,30.911458333333332,22.870833333333334,19.506249999999998,6.826736111111111,0.6841666666666667,18.664583333333333,0.1170138888888889,0.45625,,,,,29.239583333333332,42.427083333333336,,178.76041666666666,,,,717.8541666666666,
2023-04-28,14.510416666666666,55.979166666666664,7.952430555555555,27.259722222222223,20.969444444444445,17.539583333333333,7.109375,0.6398484848484848,19.303472222222222,0.11706349206349206,0.42992424242424243,,,,,29.318749999999998,42.427083333333336,,169.79166666666666,,,,718.4131944444445,
2023-04-29,18.71969696969697,72.08712121212122,7.855902777777778,36.83958333333333,25.985069444444445,18.15138888888889,6.789855072463768,0.9606944444444444,18.541319444444444,0.15144927536231884,0.654513888888889,,,,,27.77881944444444,42.763888888888886,,171.86458333333334,,,,717.8159722222222,
2023-04-30,11.927083333333334,45.798611111111114,7.8538194444444445,23.580208333333335,18.92326388888889,13.389583333333334,6.378472222222222,0.7640942028985507,18.302430555555556,0.1217391304347826,0.5235507246376812,,,,,28.212152777777778,42.84375,,206.26388888888889,,,,716.3611111111112,
2023-05-01,10.0,39.0,7.808333333333334,33.020833333333336,23.90625,13.592708333333334,6.248263888888889,0.961304347826087,19.181250000000002,0.15760869565217392,0.6413043478260869,,,,,30.2,43.34375,,78.02083333333333,,,,716.3958333333334,
2023-05-02,9.857142857142858,38.44047619047619,7.835144927536232,36.710144927536234,25.17101449275362,15.385144927536233,6.23768115942029,0.780515873015873,20.226086956521737,0.11785714285714285,0.5138888888888888,,,,,29.584782608695654,42.992753623188406,,87.04347826086956,,,,717.1413043478261,
2023-05-03,12.375,47.41319444444445,7.961805555555556,34.905208333333334,25.037499999999998,16.32847222222222,6.063888888888889,1.5003125,20.390625,0.21979166666666664,0.9864583333333333,,,,,25.493750000000002,43.864583333333336,,165.07291666666666,,,,719.4131944444445,
2023-05-04,14.1875,54.35069444444445,7.95625,44.69652777777778,30.244097222222223,16.542708333333334,6.725694444444444,1.2415625,20.09340277777778,0.18437499999999998,0.8204861111111111,,,,,26.039583333333336,43.80555555555555,,186.71875,,,,717.8958333333334,
2023-05-05,10.890151515151516,41.88636363636363,7.608333333333333,33.82536231884058,23.90833333333333,15.400724637681158,6.1952380952380945,0.7392083333333334,20.580072463768115,0.14027777777777778,0.5293859649122807,,,,,25.734420289855073,43.44565217391305,,213.30434782608697,,,,717.3188405797101,
2023-05-06,24.319444444444443,93.72569444444444,7.955208333333334,34.094791666666666,24.594791666666666,16.446875000000002,6.639236111111111,1.1780208333333333,20.162499999999998,0.16979166666666667,0.7777777777777778,,,,,25.1375,43.833333333333336,,220.23958333333334,,,,716.8958333333334,
2023-05-07,12.538194444444445,48.020833333333336,7.874652777777778,31.79236111111111,23.311458333333334,15.296527777777778,5.8656250000000005,0.9773611111111111,20.51597222222222,0.14659090909090908,0.6472222222222223,,,,,25.183333333333334,43.642361111111114,,177.83680555555554,,,,717.1770833333334,
2023-05-08,14.319444444444445,54.99652777777778,7.858680555555556,35.42256944444444,25.233333333333334,16.130555555555556,6.077430555555555,1.3656944444444443,20.3875,0.21268115942028984,0.9031250000000001,,,,,25.05,44.1875,,194.2152777777778,,,,716.4861111111112,
2023-05-09,14.340277777777777,54.75,7.861458333333334,37.755208333333336,26.473958333333332,14.67951388888889,5.970138888888889,0.7818402777777779,20.552083333333332,0.12753623188405797,0.5187499999999999,,,,,26.876388888888886,40.989583333333336,,217.97916666666666,,,,716.5520833333334,
2023-05-10,17.068181818181817,65.56818181818181,7.827430555555555,36.86840277777778,25.977083333333336,15.393749999999999,5.992708333333333,1.3377430555555556,20.619444444444444,0.2020833333333333,0.8788194444444445,,,,,29.032638888888886,36.85069444444444,,192.01388888888889,,,,716.0208333333334,
2023-05-11,17.09722222222222,65.54166666666667,7.885416666666667,35.218402777777776,25.141666666666666,17.713541666666668,5.974652777777777,0.8393840579710145,20.507986111111112,0.17254901960784313,0.581060606060606,,,,,28.072916666666668,34.67013888888889,,227.8090277777778,,,,716.9756944444445,
2023-05-12,19.166666666666668,73.53125,7.922916666666667,36.29479166666667,25.748611111111114,17.760416666666668,6.385763888888889,0.9045833333333334,20.500694444444445,0.14305555555555555,0.6,,,,,26.89270833333333,40.73611111111111,,233.82986111111111,,,,717.8819444444445,
2023-05-13,16.13888888888889,61.62847222222222,7.8500000000000005,29.09130434782609,21.855434782608697,15.960869565217392,5.516304347826087,0.6917028985507246,20.480434782608697,0.10760869565217392,0.4605072463768116,,,,,26.75277777777778,36.34782608695652,,246.19565217391303,,,,718.4891304347826,
2023-05-14,15.767361111111112,60.88194444444445,7.826041666666666,33.260416666666664,24.055208333333336,15.671875,5.859375,0.9005902777777778,20.421875,0.1496031746031746,0.6347826086956522,,,,,27.789583333333336,39.885416666666664,,211.84375,,,,717.625,
2023-05-15,19.90277777777778,76.47569444444444,7.966666666666666,37.33229166666667,26.33125,15.526041666666666,6.032986111111111,1.0764930555555556,20.400000000000002,0.16111111111111112,0.7156250000000001,,,,,28.87326388888889,34.53125,,225.05208333333334,,,,717.9583333333334,
2023-05-16,21.347222222222225,81.93055555555556,7.957291666666666,41.119791666666664,28.34375,17.164583333333333,6.748263888888889,1.0517708333333333,20.383333333333333,0.15625,0.6947916666666667,,,,,29.679166666666664,34.020833333333336,,205.66666666666666,,,,718.8958333333334,
2023-05-17,26.65625,102.25694444444444,7.770833333333333,53.39895833333333,34.719791666666666,20.861458333333335,6.256597222222222,1.1070833333333334,20.326041666666665,0.16284722222222223,0.7336805555555556,,,,,31.047916666666666,37.364583333333336,,216.1875,,,,718.9895833333334,
2023-05-18,18.315217391304348,70.80072463768116,7.852083333333333,38.713541666666664,26.97083333333333,18.4875,5.7250000000000005,0.8790972222222222,20.496376811594203,0.13768115942028986,0.5940972222222222,,,,,30.25144927536232,42.0625,,229.82638888888889,,,,720.21875,
2023-05-19,18.333333333333332,70.66666666666667,8.03125,41.45104166666667,28.58125,18.5125,5.651736111111112,0.7272569444444444,20.466666666666665,0.11884057971014493,0.4850694444444444,,,,,30.32013888888889,42.208333333333336,,218.16666666666666,,,,718.6979166666666,
2023-05-20,16.53623188405797,63.47826086956522,7.950694444444444,38.18263888888889,26.77048611111111,18.349652777777777,6.448958333333334,0.9160763888888889,20.493840579710145,0.1553030303030303,0.6304347826086957,,,,,27.86231884057971,42.9375,,215.35416666666666,,,,718.4201388888888,
2023-05-21,15.647727272727273,60.56439393939393,7.7756944444444445,34.588541666666664,24.545486111111114,16.881597222222222,5.768560606060606,0.5482936507936508,21.84583333333333,0.12352941176470589,0.3983333333333333,,,,,26.067028985507246,43.19097222222222,,222.85416666666666,,,,719.1423611111112,
2023-05-22,13.927083333333334,53.53125,7.870833333333334,42.68194444444444,29.10138888888889,16.620833333333334,6.042708333333334,0.7305681818181817,20.684722222222224,0.12,0.48598484848484846,,,,,26.917708333333334,43.27430555555555,,222.21875,,,,720.0243055555555,
2023-05-23,15.309027777777779,58.770833333333336,7.8374999999999995,42.30486111111111,28.87465277777778,18.29722222222222,6.339930555555555,0.6951041666666667,20.616666666666667,0.12196969696969698,0.4607638888888889,,,,,27.68472222222222,42.923611111111114,,220.5590277777778,,,,720.2847222222222,
2023-05-24,15.673611111111112,60.125,7.868402777777778,39.728125,27.525347222222223,16.286458333333332,6.371875,0.732986111111111,20.412152777777777,0.10869565217391304,0.48090277777777773,,,,,26.775000000000002,42.94444444444445,,239.14930555555554,,,,720.2673611111112,
2023-05-25,13.788194444444445,53.104166666666664,7.870833333333334,35.85,25.461458333333336,16.257291666666667,6.121527777777778,0.6580555555555555,20.547916666666666,0.12291666666666667,0.44340277777777776,,,,,26.444444444444443,41.947916666666664,,218.88194444444446,,,,720.7118055555555,
2023-05-26,13.777777777777777,52.78472222222222,7.91736111111111,33.16215277777778,24.08055555555556,14.871875000000001,6.453472222222222,0.6120833333333333,20.379513888888887,0.11468253968253968,0.41562499999999997,,,,,27.373611111111114,42.19097222222222,,215.81944444444446,,,,720.9479166666666,
2023-05-27,15.836805555555555,61.05902777777778,7.8968750000000005,36.040625,25.586805555555557,17.34027777777778,6.397569444444444,0.7478472222222222,20.394444444444446,0.12083333333333333,0.5027777777777778,,,,,27.92013888888889,42.395833333333336,,203.88194444444446,,,,718.9652777777778,
2023-05-28,13.743055555555555,52.673611111111114,7.854166666666667,30.540625000000002,22.634027777777778,15.86597222222222,5.965217391304347,0.553804347826087,20.368750000000002,0.1138888888888889,0.3721014492753623,,,,,28.86145833333333,42.35763888888889,,210.07291666666666,,,,717.8819444444445,
2023-05-29,20.475694444444446,78.85416666666667,8.02951388888889,47.380208333333336,31.623958333333334,16.517708333333335,5.712152777777778,1.1399652777777778,20.321875000000002,0.18522727272727274,0.7611111111111111,,,,,27.78333333333333,42.71875,,211.20833333333334,,,,717.9375,
2023-05-30,16.11111111111111,61.94444444444445,7.912152777777778,44.25138888888889,29.961458333333336,16.279166666666665,6.171527777777778,1.095,20.092708333333334,0.16354166666666667,0.728125,,,,,25.70555555555556,43.420138888888886,,218.0034722222222,,,,718.9097222222222,
2023-05-31,13.222222222222221,50.604166666666664,7.909375,42.36145833333333,28.963194444444444,14.798611111111112,6.046180555555555,0.7915277777777777,19.44236111111111,0.11284722222222222,0.5305555555555556,,,,,26.875694444444445,37.11111111111111,,229.29166666666666,,,,717.9444444444445,
2023-06-01,15.190972222222221,58.486111111111114,7.929861111111111,31.80798611111111,23.36215277777778,15.214236111111111,6.215972222222223,0.5820833333333334,20.192708333333332,0.1162878787878788,0.3979166666666667,,,,,26.79201388888889,34.885416666666664,,242.80555555555554,,,,717.875,
2023-06-02,26.024305555555557,100.03125,7.875,40.869791666666664,28.140625,14.921875,5.841666666666668,0.7179513888888889,20.45625,0.14210526315789473,0.508695652173913,,,,,27.559375,42.447916666666664,,194.21875,,,,718.1666666666666,
2023-06-03,22.253472222222225,85.69791666666667,7.784375,42.43125,28.903125,17.01875,5.998958333333333,0.83875,19.271874999999998,0.14202898550724638,0.5513888888888889,,,,,29.044097222222224,42.21875,,200.25,,,,717.71875,
2023-06-04,17.481884057971012,67.30797101449275,7.759027777777778,22.815972222222225,18.350694444444446,13.993518518518519,5.845486111111111,0.5745833333333333,19.799652777777776,0.1351190476190476,0.4083333333333334,,,,,27.259722222222223,42.875,,206.51041666666666,,,,717.9236111111112,
2023-06-05,15.274305555555555,58.90277777777778,7.632291666666667,6.909722222222221,9.713888888888889,1.9058333333333333,5.712152777777778,0.6228260869565218,19.973958333333332,0.13194444444444445,0.42210144927536236,,,,,27.766666666666666,42.864583333333336,,237.63541666666666,,,,717.1041666666666,
2023-06-06,16.554347826086957,63.57971014492753,7.588888888888889,3.9493055555555556,8.271180555555555,1.951388888888889,6.241319444444444,0.8102777777777778,19.503125,0.15789473684210525,0.5601449275362319,,,,,27.583333333333332,42.90625,,221.58680555555554,,,,716.7152777777778,
2023-06-07,12.802631578947368,49.00877192982456,7.282246376811594,3.9850694444444446,7.895652173913043,1.8902173913043478,6.265873015873017,0.6708333333333333,21.34094202898551,0.15119047619047618,0.47777777777777775,,,,,27.633695652173916,42.44565217391305,,232.6485507246377,,,,716.9855072463769,
2023-06-08,8.473484848484848,32.53787878787879,7.639015151515152,3.846590909090909,8.270833333333334,1.9856060606060604,6.0181818181818185,0.52325,20.160984848484848,0.12166666666666666,0.36083333333333334,,,,,27.86401515151515,42.61363636363637,,217.54545454545453,,,,717.0340909090909,
2023-06-09,8.697916666666666,33.28125,7.778645833333333,3.840625,8.369270833333333,1.9484375,6.1765625,0.40010416666666665,19.484375,0.1,0.2609375,,,,,28.869791666666664,42.359375,,236.359375,,,,715.7395833333334,
2023-06-10,5.920289855072463,22.786231884057973,7.620833333333334,3.8565972222222222,8.254166666666666,1.9468750000000001,5.7555555555555555,0.4387878787878787,20.610416666666666,0.1625,0.31022727272727274,,,,,25.48125,43.354166666666664,,254.84375,,,,715.875,
2023-06-11,6.851449275362319,26.032608695652176,7.7281249999999995,3.9881944444444444,8.393749999999999,1.976388888888889,6.055555555555556,0.48293478260869566,20.56304347826087,0.13958333333333334,0.3356060606060606,,,,,25.707608695652173,43.11805555555555,,244.8715277777778,,,,715.5729166666666,
2023-06-12,6.537037037037036,24.870370370370367,7.772222222222222,3.9370370370370376,8.402777777777779,1.9490740740740742,5.191666666666666,0.5470833333333334,20.516666666666666,0.11666666666666668,0.39791666666666664,,,,,23.18425925925926,43.5,,267.1111111111111,,,,715.3888888888889,
2023-06-13,12.010416666666668,45.95833333333333,7.711458333333333,4.040625,8.404166666666667,1.9729166666666667,6.778125,0.7285416666666666,20.01875,0.125,0.48125,,,,,29.492708333333333,41.34375,,228.0,,,,715.15625,
2023-06-14,12.385416666666666,47.5,7.730092592592592,3.9069444444444446,8.265277777777778,1.9490740740740742,6.7712962962962955,0.6039705882352941,20.0912037037037,0.11354166666666667,0.4029411764705882,,,,,27.70601851851852,46.81018518518518,,240.95833333333334,,,,717.9351851851852,
2023-06-15,14.630208333333334,55.942708333333336,7.7265625,4.0453125,8.4421875,1.9125,6.151041666666667,0.42361111111111105,19.971354166666668,0.11875,0.3217948717948718,,,,,25.66875,48.5625,,249.109375,,,,718.09375,
2023-06-16,11.222222222222221,44.083333333333336,7.634259259259259,3.9694444444444446,8.321296296296296,1.9249999999999998,5.565740740740741,0.13648148148148145,19.938888888888886,,0.16111111111111112,,,,,23.819444444444443,49.94444444444444,,259.6666666666667,,,,717.6111111111111,
2023-06-17,14.61111111111111,56.34444444444444,7.706666666666666,3.8800000000000003,8.326666666666666,1.9516666666666669,6.197222222222222,0.9154444444444445,20.138333333333332,0.14880952380952378,0.5988888888888888,,,,,29.439444444444444,44.49444444444444,,204.74444444444444,,,,717.0333333333333,
2023-06-18,10.43421052631579,40.58771929824561,7.678472222222222,3.9802083333333336,8.261111111111111,1.9041666666666668,5.823263888888889,0.5951136363636363,20.119999999999997,0.13,0.42857142857142855,,,,,24.934166666666666,43.34722222222222,,226.8402777777778,,,,717.0659722222222,
2023-06-19,16.05952380952381,61.76984126984127,7.710714285714286,3.9595238095238097,8.378571428571428,1.9380952380952383,6.707539682539682,0.5838492063492063,20.223809523809525,0.1392857142857143,0.40595238095238095,,,,,26.035714285714285,42.845238095238095,,225.0952380952381,,,,715.3571428571429,
2023-06-20,16.308333333333334,49.95,6.739772727272728,5.071212121212121,8.181060606060605,2.0575757575757576,6.314772727272728,0.6013257575757576,14.437083333333334,0.1,0.30128205128205127,,,,,24.03666666666667,44.22727272727273,,259.5151515151515,,,,715.1704545454545,
2023-06-21,19.465686274509807,44.779411764705884,6.205,5.613333333333333,8.025,2.0983333333333336,6.167222222222222,0.45455555555555555,11.533333333333333,0.11000000000000001,0.5148809523809523,,,,,23.05735294117647,43.833333333333336,,243.43333333333334,,,,716.2166666666667,
2023-06-22,18.488636363636363,46.625,6.107638888888889,5.67638888888889,7.995138888888889,2.089236111111111,5.994097222222223,0.8124305555555554,11.512500000000001,0.13484848484848486,0.8586805555555556,,,,,26.102083333333336,40.052083333333336,,210.5034722222222,,,,715.9583333333334,
2023-06-23,17.645833333333336,38.71666666666667,6.109583333333333,5.77125,8.046666666666667,2.1025,6.2333333333333325,0.34907894736842104,11.606666666666666,0.1,0.3736842105263158,,,,,25.180416666666666,37.93333333333333,,251.375,,,,716.3,
2023-06-24,10.996527777777779,27.854166666666668,6.169791666666666,5.601736111111111,8.002083333333333,2.109722222222222,5.828472222222222,0.41809027777777774,11.329861111111112,0.1,0.44131944444444443,,,,,24.323958333333334,43.329861111111114,,247.05208333333334,,,,716.0243055555555,
2023-06-25,8.420289855072463,29.905797101449277,6.186458333333333,5.632291666666667,8.030208333333333,2.1125000000000003,6.015277777777778,0.40010416666666665,11.546875,0.11093750000000001,0.45108695652173914,,,,,25.1125,43.34722222222222,,243.21180555555554,,,,715.6388888888888,
2023-06-26,13.166666666666668,33.947916666666664,6.075490196078431,5.675980392156863,7.963725490196078,2.0965686274509805,5.411458333333333,0.3686111111111111,11.805392156862744,0.11388888888888889,0.4493589743589744,,,,,24.397058823529413,45.009803921568626,,235.22549019607845,,,,716.6470588235294,
2023-06-27,10.995098039215685,27.014705882352942,6.100396825396826,5.6,7.946031746031746,2.109920634920635,5.8503968253968255,0.39212499999999995,11.653968253968253,0.16111111111111112,0.41875,,,,,24.14541666666667,48.289682539682545,,243.85714285714286,,,,717.1190476190476,
2023-06-28,16.71376811594203,29.89855072463768,6.110069444444445,5.619791666666667,7.954166666666667,2.109027777777778,6.013888888888889,0.42368055555555556,11.693402777777777,0.115625,0.4621527777777778,,,,,25.036458333333332,51.03472222222222,,270.67013888888886,,,,717.8229166666666,
2023-06-29,12.555555555555555,26.34375,6.166666666666667,5.622916666666666,8.010416666666666,2.1125000000000003,6.481597222222223,0.38065972222222216,11.703125,0.1,0.41250000000000003,,,,,24.073958333333334,59.09375,,259.0625,,,,718.7395833333334,
2023-06-30,14.795138888888888,31.552083333333332,6.153472222222223,5.681597222222223,8.022569444444445,2.107291666666667,6.058333333333334,0.35194444444444445,11.584375,0.1,0.3753472222222222,,,,,25.74826388888889,51.16319444444445,,267.05902777777777,,,,718.1145833333334,
2023-07-01,17.579710144927535,38.677083333333336,6.1937500000000005,5.6125,8.013541666666667,2.1041666666666665,6.006597222222222,0.48833333333333334,11.389583333333334,0.1,0.5274305555555555,,,,,26.44236111111111,54.770833333333336,,269.2604166666667,,,,718.0625,
2023-07-02,17.29861111111111,34.395833333333336,6.129166666666666,5.691666666666666,8.012500000000001,2.107291666666667,6.0687500000000005,0.5029166666666667,11.375,0.11555555555555556,0.5319444444444444,,,,,25.23715277777778,55.947916666666664,,264.5625,,,,717.2916666666666,
2023-07-03,9.746527777777777,24.15625,6.098958333333333,5.6625000000000005,7.970833333333334,2.0958333333333337,5.5368055555555555,0.5265972222222223,11.483333333333334,0.10931372549019608,0.5565972222222223,,,,,24.66076388888889,47.979166666666664,,265.1145833333333,,,,715.875,
2023-07-04,6.916666666666667,17.61111111111111,6.122916666666666,5.648958333333333,7.9875,2.107291666666667,6.3812500000000005,0.37656249999999997,11.534374999999999,0.1,0.39999999999999997,,,,,23.230208333333334,45.40625,,265.0104166666667,,,,714.0520833333334,
2023-07-05,10.460144927536232,23.891304347826086,6.086956521739131,5.634027777777778,7.923913043478261,2.0743055555555556,5.866666666666667,0.5964705882352942,11.872569444444444,0.16388888888888886,0.6372549019607844,,,,,23.439930555555552,39.75694444444444,,267.46527777777777,,,,712.8020833333334,
2023-07-06,17.697916666666668,34.166666666666664,6.144791666666666,5.672916666666667,8.0125,2.103125,6.841319444444444,0.26137681159420284,11.239583333333334,0.1,0.2971014492753623,,,,,23.424305555555552,28.875,,266.5,,,,715.3333333333334,
2023-07-07,10.739583333333334,27.659722222222225,6.186111111111111,5.671875,8.049999999999999,2.095486111111111,5.55798611111111,0.6073611111111111,11.439930555555556,0.11990740740740741,0.6385416666666667,,,,,23.384027777777778,34.12847222222222,,263.56944444444446,,,,717.4618055555555,
2023-07-08,7.73015873015873,23.270833333333332,6.140625,5.638541666666666,7.98888888888889,2.1079861111111113,5.731944444444444,0.3603125,11.520486111111111,0.10256410256410257,0.4014492753623189,,,,,23.071527777777778,32.197916666666664,,261.3854166666667,,,,718.8125,
2023-07-09,8.32638888888889,21.881944444444443,6.170833333333333,5.6156250000000005,8.014583333333333,2.1010416666666667,7.050347222222222,0.3208333333333333,11.573958333333332,0.1,0.37817460317460316,,,,,24.754166666666666,28.322916666666668,,266.9270833333333,,,,718.15625,
2023-07-10,13.253472222222221,30.572916666666668,6.1000000000000005,5.703125,7.994791666666667,2.0833333333333335,6.264236111111111,0.6818402777777778,11.317708333333334,0.12875,0.7225694444444445,,,,,24.16979166666667,41.802083333333336,,260.03125,,,,717.5208333333334,
2023-07-11,12.722222222222221,35.69444444444444,6.191666666666666,5.666666666666667,8.047916666666667,2.0885416666666665,6.702777777777778,0.5208333333333334,11.629166666666668,0.1,0.5517361111111111,,,,,23.580555555555552,45.104166666666664,,259.4375,,,,717.40625,
2023-07-12,12.722222222222221,36.42361111111111,6.1038194444444445,5.692708333333333,7.991666666666666,2.0815972222222223,5.860416666666667,0.5564583333333334,11.465277777777779,0.12208333333333335,0.5951388888888889,,,,,24.750694444444445,36.166666666666664,,261.25,,,,716.8020833333334,
2023-07-13,8.284722222222223,23.708333333333332,6.139236111111111,5.667361111111112,8.005902777777779,2.102777777777778,5.975347222222222,0.645625,11.631944444444445,0.13771929824561405,0.7518939393939394,,,,,23.87013888888889,34.979166666666664,,256.78819444444446,,,,717.2118055555555,
2023-07-14,10.041666666666666,26.96875,6.121527777777778,5.595833333333334,7.953819444444444,2.109722222222222,6.356597222222223,0.5151041666666666,11.723611111111111,0.1470238095238095,0.5786231884057971,,,,,24.382291666666664,30.034722222222225,,264.3020833333333,,,,719.1180555555555,
2023-07-15,17.776515151515152,36.43478260869565,6.177083333333333,5.657291666666667,8.035416666666666,2.0947916666666666,6.476736111111111,0.5034848484848484,11.420833333333334,0.13452380952380952,0.5321969696969697,,,,,25.05173611111111,21.8125,,268.375,,,,718.2916666666666,
2023-07-16,9.125,28.059027777777775,6.1499999999999995,5.664583333333333,8.021875,2.107291666666667,5.416666666666667,0.3748958333333334,11.458333333333334,0.1,0.4010416666666667,,,,,24.860416666666666,16.322916666666668,,259.6770833333333,,,,717.4583333333334,
2023-07-17,20.31597222222222,42.701388888888886,6.1312500000000005,5.661458333333333,8.003124999999999,2.1041666666666665,6.535069444444445,0.4752083333333333,11.527083333333332,0.1056818181818182,0.5059027777777777,,,,,24.76840277777778,17.09375,,265.96875,,,,716.7083333333334,
2023-07-18,15.138888888888888,38.17013888888889,6.110763888888889,5.736111111111111,8.018055555555556,2.098263888888889,5.901041666666667,0.5037847222222221,11.687152777777778,0.14226190476190476,0.5543478260869565,,,,,24.92152777777778,17.34375,,267.64930555555554,,,,715.6979166666666,
2023-07-19,11.531746031746032,33.20634920634921,6.145238095238096,5.634920634920634,7.990873015873016,2.098809523809524,5.236666666666666,1.0734259259259258,12.252380952380953,0.24444444444444444,1.1666666666666667,,,,,23.836507936507935,17.16304347826087,,268.89130434782606,,,,714.1413043478261,
2023-07-20,16.88888888888889,45.75694444444445,6.029861111111111,5.666666666666667,7.922916666666667,2.091666666666667,5.475694444444444,0.6003947368421053,11.692708333333334,0.3416666666666667,0.7161764705882353,,,,,24.876041666666666,17.302083333333332,,268.9270833333333,,,,714.0833333333334,
2023-07-21,14.256944444444445,43.36805555555555,6.109375,5.671875,7.9906250000000005,2.0947916666666666,5.817361111111111,0.2077083333333333,11.356250000000001,0.1,0.2423611111111111,,,,,24.79965277777778,17.822916666666668,,270.2291666666667,,,,715.125,
2023-07-22,23.672222222222224,31.035714285714285,6.192708333333333,5.658333333333334,8.051041666666666,2.1020833333333333,5.344097222222222,0.5499305555555555,11.049999999999999,0.1196078431372549,0.5836805555555555,,,,,24.090277777777775,18.71875,,267.5625,,,,716.6666666666666,
2023-07-23,8.791666666666666,20.09722222222222,6.191666666666666,5.617708333333333,8.020833333333334,2.109375,5.333333333333333,0.4079513888888889,11.121875000000001,0.1,0.44097222222222215,,,,,23.29479166666667,20.864583333333332,,268.7395833333333,,,,717.0625,
2023-07-24,7.447916666666667,17.666666666666668,6.177083333333333,5.5843750000000005,7.9906250000000005,2.125,5.289930555555555,0.4686111111111111,11.423958333333333,0.1,0.49062500000000003,,,,,22.218055555555555,25.15625,,264.34375,,,,716.3020833333334,
2023-07-25,5.684782608695652,16.23611111111111,6.1468750000000005,5.65625,8.017708333333333,2.1041666666666665,5.672916666666667,0.5150347222222222,11.435416666666667,0.10375000000000001,0.5427083333333333,,,,,22.360069444444445,24.052083333333332,,271.46875,,,,717.03125,
2023-07-26,4.9868421052631575,14.534722222222221,6.14375,5.705208333333334,8.03125,2.090625,7.042013888888889,0.4353472222222223,11.672916666666666,0.1,0.45902777777777776,,,,,22.006597222222222,34.052083333333336,,266.3541666666667,,,,717.8020833333334,
2023-07-27,6.543478260869565,22.989583333333332,6.129166666666666,5.6343749999999995,7.982291666666666,2.0947916666666666,6.149305555555556,0.5341666666666667,11.544791666666667,0.1,0.5539215686274509,,,,,23.11736111111111,25.385416666666668,,271.7083333333333,,,,716.1704545454545,
2023-07-28,22.260416666666668,47.5,6.137847222222223,5.701041666666666,8.022569444444445,2.0996527777777776,5.734027777777778,0.6129513888888889,11.301041666666668,0.10652173913043479,0.6510416666666666,,,,,24.10138888888889,17.010416666666668,,271.45486111111114,,,,716.4583333333334,
2023-07-29,11.597222222222221,38.4375,6.117708333333333,5.6375,7.967708333333333,2.109375,5.3625,0.28708333333333336,11.496875000000001,0.1,0.28541666666666665,,,,,24.175,19.4375,,280.90625,,,,717.7453703703703,
2023-07-30,10.09375,38.197916666666664,6.1937500000000005,5.610416666666667,8.025,2.1125000000000003,5.879166666666666,0.6327272727272727,11.117708333333333,0.11363636363636363,0.6772727272727272,,,,,25.118055555555557,22.875,,278.6979166666667,,,,718.1354166666666,
2023-07-31,8.989583333333334,35.27777777777778,6.180555555555556,5.6781250000000005,8.046527777777778,2.073958333333333,5.664930555555556,0.3848809523809524,11.012152777777779,0.1,0.4095238095238095,,,,,25.374305555555555,26.472222222222225,,271.53472222222223,,,,716.5625,
2023-08-01,15.25,41.552083333333336,6.111458333333334,5.64375,7.970833333333334,2.10625,6.128472222222222,,11.223958333333334,,,,,,,24.934027777777775,26.90625,,268.6458333333333,,,,716.7604166666666,
2023-08-02,17.322916666666668,46.333333333333336,6.123958333333333,5.675,7.995833333333334,2.107291666666667,5.963541666666667,0.44555555555555554,11.53125,0.1,0.47962962962962963,,,,,24.750694444444445,25.40625,,266.9895833333333,,,,717.3020833333334,
2023-08-03,10.90625,37.60763888888889,6.098958333333333,5.753125,8.022916666666667,2.079166666666667,4.8336805555555555,0.4220486111111111,11.575000000000001,0.1,0.44861111111111107,,,,,25.03576388888889,25.645833333333332,,268.5104166666667,,,,716.9791666666666,
2023-08-04,15.878472222222221,41.854166666666664,6.188541666666667,5.671875,8.038541666666667,2.0958333333333337,5.429166666666667,0.4552777777777777,11.313541666666666,0.10500000000000001,0.48993055555555554,,,,,25.257291666666664,40.635416666666664,,267.25,,,,718.5760869565217,
2023-08-05,13.797101449275361,37.343137254901954,6.132291666666667,5.645833333333333,7.9906250000000005,2.0875,5.267013888888889,0.44006944444444446,11.377083333333333,0.1,0.4670138888888889,,,,,25.022569444444443,53.947916666666664,,265.3854166666667,,,,719.1931818181819,
2023-08-06,9.342592592592592,,6.191666666666666,5.610416666666667,8.022916666666667,2.1,5.980902777777778,0.4637847222222222,11.459375,0.10882352941176471,0.49374999999999997,,,,,25.273958333333336,53.427083333333336,,267.0208333333333,,,,714.9444444444445,
2023-08-07,18.5,41.95,6.1468750000000005,5.729166666666667,8.043750000000001,2.0885416666666665,5.415277777777778,0.4894791666666667,11.434375000000001,0.10416666666666667,0.5190972222222222,,,,,25.454166666666666,36.375,,270.71875,,,,714.5595238095239,
2023-08-08,41.15909090909091,34.69444444444444,6.160416666666666,5.677083333333333,8.03125,2.0927083333333334,5.473958333333333,0.5656060606060606,11.633333333333333,0.10185185185185186,0.6049242424242425,,,,,25.21875,36.927083333333336,,270.6458333333333,,,,717.6770833333334,
2023-08-09,18.033333333333335,61.666666666666664,6.105208333333334,5.64375,7.958333333333333,2.115625,5.168402777777778,0.7015277777777778,11.253124999999999,0.13125,0.7413194444444445,,,,,26.175,43.083333333333336,,269.1979166666667,,,,718.90625,
2023-08-10,21.21875,53.229166666666664,6.169791666666666,5.653125,8.026041666666666,2.1104166666666666,5.274652777777778,0.6520486111111111,11.365625,0.12105263157894738,0.6916666666666668,,,,,26.483333333333334,40.84375,,265.96875,,,,719.8020833333334,
2023-08-11,22.716666666666665,57.18333333333333,6.13,5.716666666666667,8.03,2.095,5.086666666666667,0.7209444444444445,11.261666666666667,0.12333333333333334,0.7577777777777778,,,,,25.386666666666667,41.6,,256.6,,,,719.5166666666667,
2023-08-12,27.0,68.0,6.095000000000001,5.6825,7.984999999999999,2.125,4.202777777777778,1.471296296296296,13.626666666666665,0.26041666666666663,1.5824074074074075,,,,,27.692500000000003,42.56666666666667,,245.79166666666666,,,,717.575,
2023-08-13,30.0,75.0,6.133333333333333,5.667708333333334,7.996875,2.1010416666666667,5.548611111111111,0.46718750000000003,11.7125,0.10238095238095238,0.49756944444444445,,,,,25.965625,50.333333333333336,,270.8020833333333,,,,718.1875,
2023-08-14,,,6.0843750000000005,5.697916666666667,7.988194444444445,2.0812500000000003,5.923958333333334,0.4518627450980392,10.983333333333334,0.10833333333333334,0.4759803921568628,,,,,25.82604166666667,53.71875,,260.78125,,,,718.4583333333334,
2023-08-15,25.0,63.0,6.138541666666666,5.675,8.014583333333333,2.1,6.242361111111111,0.46760416666666665,11.5375,0.1,0.50625,,,,,26.624305555555555,46.229166666666664,,260.0625,,,,718.59375,
2023-08-16,,,6.182291666666667,5.620833333333334,8.017708333333333,2.1041666666666665,5.727083333333333,0.4799305555555555,11.598958333333334,0.11614583333333334,0.5072916666666667,,,,,26.886458333333334,46.197916666666664,,263.7083333333333,,,,718.78125,
2023-08-17,,,6.1875,5.641666666666667,8.032291666666667,2.090625,5.477083333333333,0.5521180555555555,11.519791666666668,0.10492424242424243,0.5791666666666667,,,,,26.575,51.09375,,277.0208333333333,,,,718.5625,
2023-08-18,,,6.113541666666666,5.710416666666667,8.004166666666666,2.0989583333333335,6.4281250000000005,0.5390972222222222,11.859375,0.10789473684210528,0.5694444444444444,,,,,25.221875,49.65625,,270.7604166666667,,,,717.5104166666666,
2023-08-19,,,6.1656249999999995,5.691666666666666,8.045833333333333,2.097916666666667,6.021527777777778,0.4166666666666667,11.708333333333334,0.1,0.43472222222222223,,,,,23.971875,57.125,,265.875,,,,717.03125,
2023-08-20,,,6.183333333333334,5.597916666666666,8.004166666666666,2.090625,5.748611111111111,0.49225694444444446,11.598958333333334,0.10694444444444445,0.5222222222222223,,,,,25.269791666666666,37.802083333333336,,271.125,,,,716.6979166666666,
2023-08-21,,,6.172916666666667,5.64375,8.025,2.097916666666667,5.698611111111112,1.2234375,11.714583333333332,0.21184210526315791,1.298611111111111,,,,,26.64375,37.552083333333336,,266.5833333333333,,,,716.5,
2023-08-22,,,6.1312500000000005,5.670833333333333,7.997916666666666,2.105208333333333,4.888541666666667,0.7922222222222222,11.705208333333333,0.1326086956521739,0.8364583333333333,,,,,27.465277777777775,36.302083333333336,,262.71875,,,,716.3645833333334,
2023-08-23,,,6.16875,5.623958333333333,8.013541666666667,2.115625,5.438194444444445,0.5852083333333333,11.896875,0.11958333333333333,0.61875,,,,,27.2375,34.791666666666664,,263.1666666666667,,,,716.8958333333334,
2023-08-24,394.0,,6.130208333333333,5.6375,7.981249999999999,2.11875,5.967361111111111,0.6221875,12.538194444444445,0.12583333333333332,0.6524305555555555,,,,,26.263095238095236,42.65625,,267.125,,,,716.7916666666666,
2023-08-25,316.10526315789474,65.0,6.0621212121212125,5.632575757575757,7.92310606060606,2.1125000000000003,5.640416666666667,0.7849583333333333,11.858333333333334,0.14953703703703705,0.8308333333333333,,,,,25.628333333333337,52.857142857142854,,255.75396825396825,,,,717.1468253968254,
2023-08-26,27.70138888888889,77.61805555555556,6.169791666666666,5.613541666666666,8.008333333333333,2.0989583333333335,5.297916666666667,0.45427083333333335,11.746875000000001,0.1138888888888889,0.5090579710144928,,,,,26.75,52.96875,,255.41666666666666,,,,717.8333333333334,
2023-08-27,30.916666666666668,76.96875,6.129166666666666,5.666666666666667,7.995833333333334,2.1,4.786458333333333,0.35770833333333335,11.920833333333334,0.10416666666666667,0.40652173913043477,,,,,26.653125,52.447916666666664,,273.7604166666667,,,,718.6041666666666,
2023-08-28,36.17391304347826,92.96739130434783,6.085144927536232,5.7481884057971016,8.002173913043478,2.105434782608696,5.438405797101449,0.8042391304347826,11.787318840579712,0.17794117647058824,0.8554347826086957,,,,,27.345652173913045,52.916666666666664,,269.7717391304348,,,,718.0,
2023-08-29,113.05555555555556,81.48913043478261,6.036111111111111,6.332291666666666,8.231250000000001,2.4836805555555554,5.658712121212121,0.8234999999999999,11.855208333333332,0.16555555555555557,0.8808333333333334,,,,,26.589930555555554,54.112318840579704,,274.3007246376812,,,,717.2391304347826,
2023-08-30,21.833333333333332,66.9375,6.258333333333333,8.605208333333334,9.667708333333334,2.1354166666666665,5.214583333333334,0.5169565217391304,12.059375000000001,0.12944444444444445,0.5605072463768116,,,,,27.280208333333334,53.0,,249.71875,,,,717.28125,
2023-08-31,21.57608695652174,67.96739130434783,6.440625,8.360763888888888,9.688888888888888,2.144791666666667,5.332638888888889,0.6318840579710144,11.532986111111112,0.11973684210526316,0.7,,,,,26.400000000000002,56.416666666666664,,223.32291666666666,,,,717.28125,
2023-09-01,18.223484848484848,66.7375,6.2593749999999995,8.411458333333334,9.559375000000001,2.13125,4.364236111111111,0.7759375,11.436458333333334,0.12638888888888888,0.8159722222222222,,,,,25.011458333333334,55.854166666666664,,237.5625,,,,717.6458333333334,
2023-09-02,14.246527777777779,48.451388888888886,6.636458333333334,8.392708333333333,9.8625,2.1197916666666665,5.597916666666666,0.631268115942029,11.880208333333334,0.125,0.6699275362318841,,,,,24.78333333333333,57.59375,,262.4583333333333,,,,717.3333333333334,
2023-09-03,20.371527777777775,68.49652777777779,6.297916666666667,8.636458333333334,9.710416666666667,2.035416666666667,5.145833333333333,0.5998958333333333,11.861458333333333,0.10869565217391304,0.6347222222222222,,,,,24.802083333333332,56.9375,,276.5104166666667,,,,716.0208333333334,
2023-09-04,19.524305555555554,76.03819444444444,6.3656250000000005,8.429166666666667,9.657291666666667,2.097916666666667,4.9,0.5812499999999999,11.773958333333333,0.1013888888888889,0.6145833333333334,,,,,23.404861111111114,59.479166666666664,,280.125,,,,714.9375,
2023-09-05,19.510416666666668,60.96180555555555,6.305208333333333,8.6125,9.710416666666667,2.0520833333333335,5.086458333333334,0.6143402777777778,11.75,0.10757575757575757,0.654513888888889,,,,,22.931597222222223,84.14583333333333,,265.4375,,,,714.7604166666666,
2023-09-06,6.78125,24.444444444444443,6.190625,8.6625,9.637500000000001,2.066666666666667,4.756944444444445,0.5085069444444444,11.891666666666666,0.1013157894736842,0.5385416666666667,,,,,23.177777777777777,77.90625,,264.59375,,,,715.34375,
2023-09-07,9.152777777777779,31.260416666666668,6.426041666666666,8.487499999999999,9.741666666666667,2.095833333333333,5.673958333333332,0.39316666666666666,11.810416666666667,0.10000000000000002,0.41666666666666663,,,,,23.970138888888886,75.0,,263.4270833333333,,,,715.8229166666666,
2023-09-08,10.847222222222221,33.13194444444444,6.083333333333333,8.623958333333333,9.535416666666666,2.120833333333333,5.007291666666666,0.39916666666666667,11.908333333333333,,0.5986842105263158,,,,,24.14027777777778,81.70454545454545,,265.6145833333333,,,,717.0729166666666,
2023-09-09,19.947916666666668,49.229166666666664,6.133333333333333,8.720833333333333,9.626041666666667,2.0500000000000003,4.902430555555555,0.553409090909091,11.655208333333334,0.1,0.5204545454545454,,,,,25.04375,71.59375,,270.21875,,,,716.6770833333334,
2023-09-10,19.36111111111111,55.03819444444445,6.273958333333333,8.654166666666667,9.704166666666667,2.060416666666667,5.33125,0.4534375,11.723958333333334,0.1,0.48250000000000004,,,,,24.994791666666668,71.61458333333333,,271.03125,,,,716.3020833333334,
2023-09-11,14.913194444444445,38.41319444444445,5.95625,8.393749999999999,9.30625,2.142708333333333,4.422916666666667,0.5415625000000001,11.786458333333334,0.1,0.38333333333333336,,,,,24.166666666666668,74.51041666666667,,263.1458333333333,,,,716.4895833333334,
2023-09-12,13.4375,47.84027777777778,6.501041666666667,8.361458333333333,9.739583333333334,2.107291666666667,4.5993055555555555,0.5581944444444444,11.644791666666668,0.10000000000000002,0.5354166666666667,,,,,24.838541666666668,76.72916666666667,,266.625,,,,717.0104166666666,
2023-09-13,13.322916666666666,42.55555555555555,6.254166666666666,8.355208333333334,9.526041666666666,2.0968750000000003,4.70625,0.5230902777777778,11.779166666666667,,,,,,,24.233680555555555,80.54166666666667,,263.6145833333333,,,,717.03125,
2023-09-14,9.32986111111111,35.17361111111111,6.217708333333333,8.645833333333334,9.660416666666666,2.0458333333333334,4.721527777777777,0.43701388888888887,11.700000000000001,,,,,,,23.48229166666667,59.479166666666664,,260.375,,,,717.03125,
2023-09-15,14.972222222222221,39.62152777777778,6.253125,8.515625,9.609375,2.1083333333333334,4.707291666666666,0.5012847222222222,11.669791666666667,0.1,0.6166666666666667,,,,,23.580902777777776,67.4375,,263.2604166666667,,,,717.1875,
2023-09-16,7.048611111111111,25.083333333333332,6.388541666666666,8.548958333333333,9.748958333333333,2.120833333333333,4.551041666666666,0.44319444444444445,11.761458333333332,0.1,0.5008333333333332,,,,,24.286458333333332,85.30208333333333,,263.3229166666667,,,,717.4270833333334,
2023-09-17,15.583333333333334,38.34375,6.330208333333334,8.503124999999999,9.669791666666667,2.107291666666667,5.4319444444444445,0.5416319444444444,11.731250000000001,0.1,0.58,,,,,24.677430555555556,88.5,,263.6041666666667,,,,716.7708333333334,
2023-09-18,9.54861111111111,30.239583333333332,6.257291666666667,8.528125000000001,9.628124999999999,2.0833333333333335,4.578819444444444,0.43440972222222224,11.758333333333333,,0.5755952380952382,,,,,23.98888888888889,69.12037037037038,,255.90625,,,,716.8958333333334,
2023-09-19,8.95138888888889,42.27430555555555,6.252083333333334,8.375,9.538541666666667,2.1083333333333334,4.982986111111111,0.549513888888889,11.678125,0.1,0.47812499999999997,,,,,25.210416666666664,82.21875,,268.28125,,,,718.1875,
2023-09-20,10.965277777777779,40.70138888888889,6.221875,8.607291666666667,9.640625,2.113541666666667,4.7496527777777775,0.6423958333333334,11.804166666666667,0.10000000000000002,0.4761904761904762,,,,,24.517013888888886,48.61538461538461,,254.2465277777778,,,,718.4409722222222,
2023-09-21,16.368055555555554,51.3125,6.1343749999999995,8.44375,9.484375,2.1322916666666667,4.427777777777778,0.5961458333333333,11.720833333333333,0.1,0.7000000000000001,,,,,24.434722222222224,63.697916666666664,,251.71875,,,,718.5,
2023-09-22,15.041666666666666,51.34722222222222,6.345833333333334,8.404166666666667,9.633333333333333,2.091666666666667,4.334722222222222,0.5417361111111111,11.512500000000001,0.1,0.5476190476190477,,,,,22.813194444444445,62.708333333333336,,259.375,,,,718.9583333333334,
2023-09-23,,,,,,,,,,,,,,,,,,,,,,,,
2023-09-24,,,,,,,,,,,,,,,,,,,,,,,,
2023-09-25,,,,,,,,,,,,,,,,,,,,,,,,
2023-09-26,13.25,35.90909090909091,6.343181818181819,8.456818181818182,9.665909090909091,2.147727272727273,4.263636363636364,0.4810606060606061,11.381818181818183,0.1,0.6777777777777777,,,,,26.703030303030303,63.70454545454545,,247.54545454545453,,,,716.2272727272727,
2023-09-27,15.902777777777779,48.75347222222222,6.414583333333333,8.446875,9.708333333333334,2.1197916666666665,4.9944444444444445,0.5531597222222222,11.739583333333334,0.1,0.5052083333333334,,,,,24.396527777777777,64.5,,266.7291666666667,,,,716.9270833333334,
2023-09-28,14.891304347826088,41.87152777777778,6.204166666666667,8.661458333333334,9.653125000000001,2.0854166666666667,4.914930555555555,0.4621527777777778,11.565624999999999,,,,,,,22.90381944444444,63.854166666666664,,259.40625,,,,716.8020833333334,
2023-09-29,14.732638888888888,38.69444444444444,6.185416666666666,8.637500000000001,9.630208333333334,2.0500000000000003,4.859375,0.33079861111111114,11.466666666666667,0.1,0.5800925925925926,,,,,23.353125000000002,64.98958333333333,,261.5104166666667,,,,717.1041666666666,
2023-09-30,14.454861111111112,36.01736111111111,6.338541666666667,8.340972222222222,9.593402777777778,2.1305555555555555,5.039930555555555,0.47343749999999996,11.326041666666667,0.10000000000000002,0.6166666666666667,,,,,23.376041666666666,65.98958333333333,,261.19444444444446,,,,717.4756944444445,
2023-10-01,9.381944444444445,25.26736111111111,6.127083333333334,8.419791666666667,9.463541666666666,2.140625,4.988541666666666,0.33,11.652083333333332,,0.5650793650793651,,,,,24.105208333333334,66.26041666666667,,263.28125,,,,717.1145833333334,
2023-10-02,25.01736111111111,69.9375,6.286458333333333,8.540625,9.65,2.109375,4.824305555555555,0.5976736111111111,11.542708333333332,0.1,0.4743589743589744,,,,,24.89513888888889,69.52083333333333,,266.5416666666667,,,,717.8333333333334,
2023-10-03,41.54513888888889,103.62847222222223,6.457291666666666,8.405208333333333,9.719791666666667,2.122916666666667,4.296875,0.8232638888888889,11.601041666666667,0.1,0.3491666666666667,,,,,25.243402777777778,76.8125,,264.0833333333333,,,,718.6041666666666,
2023-10-04,47.388888888888886,111.79166666666667,6.360416666666667,8.227083333333333,9.546875,2.115625,4.785763888888889,0.9244444444444445,11.628124999999999,0.10833333333333334,0.275,,,,,25.787499999999998,82.30208333333333,,236.14583333333334,,,,718.9895833333334,
2023-10-05,49.107638888888886,107.77083333333333,6.258333333333333,8.719791666666667,9.727083333333333,2.0541666666666667,4.201736111111111,0.9296875,11.6,0.10277777777777779,0.44999999999999996,,,,,26.311458333333334,86.4375,,248.40625,,,,718.53125,
2023-10-06,50.13194444444445,118.9375,6.419791666666666,8.416666666666666,9.695833333333333,2.082291666666667,4.651736111111111,0.9728472222222222,11.717708333333334,0.1125,0.48333333333333334,,,,,25.935069444444448,87.52083333333333,,224.75,,,,717.7708333333334,
2023-10-07,56.125,117.1875,6.255208333333333,8.394791666666666,9.557291666666666,2.0927083333333334,4.821527777777778,1.0396180555555554,11.632291666666667,0.1142857142857143,0.2560606060606061,,,,,26.242708333333336,87.67708333333333,,207.16666666666666,,,,718.1041666666666,
2023-10-08,46.03125,82.04166666666667,6.260416666666667,8.475,9.597916666666666,2.1104166666666666,4.693402777777778,0.7409374999999999,11.579166666666666,0.1,0.5285714285714286,,,,,26.051041666666666,87.94791666666667,,200.98958333333334,,,,719.40625,
2023-10-09,42.75925925925926,61.77173913043478,6.083333333333333,8.731250000000001,9.591666666666667,2.06875,4.462847222222222,0.7970138888888889,11.611458333333333,0.1,0.19642857142857142,,,,,24.243750000000002,87.86458333333333,,218.96875,,,,721.25,
2023-10-10,41.692708333333336,76.30681818181819,6.207291666666666,8.665625,9.646875,2.0968750000000003,5.379166666666666,0.8574999999999999,11.546875,0.10000000000000002,0.12142857142857144,,,,,25.161458333333332,87.36458333333333,,223.78125,,,,720.5104166666666,
2023-10-11,51.427083333333336,84.60416666666667,6.232291666666666,8.794791666666667,9.74375,2.0614583333333334,4.403819444444444,1.2315277777777778,11.576041666666667,0.14375000000000002,0.12187500000000001,,,,,23.95,87.55208333333333,,209.8125,,,,720.2916666666666,
2023-10-12,53.97222222222222,114.60416666666667,6.436458333333333,8.49375,9.745833333333334,2.107291666666667,4.499305555555556,1.1749305555555556,11.588541666666666,0.10892857142857144,0.1,,,,,25.626041666666666,87.19791666666667,,162.85416666666666,,,,721.1458333333334,
2023-10-13,70.63425925925927,125.0,6.182291666666667,8.730208333333334,9.668750000000001,2.1041666666666665,4.863888888888889,1.1902777777777778,11.466666666666667,0.1,0.1,,,,,26.315625,86.92708333333333,,128.17708333333334,,,,721.6354166666666,
2023-10-14,,120.0,6.278125,8.410416666666666,9.577083333333333,2.09375,3.9243055555555557,1.1251041666666668,11.680208333333333,0.10833333333333334,0.11000000000000001,,,,,26.559375,86.59375,,145.47916666666666,,,,721.4479166666666,
2023-10-15,,65.05208333333333,6.184375,8.576041666666667,9.582291666666666,2.109375,4.76875,0.5589583333333333,11.456249999999999,,0.6,,,,,24.909375,86.61458333333333,,213.11458333333334,,,,720.15625,
2023-10-16,,92.86458333333333,6.291666666666667,8.408333333333333,9.584375,2.1177083333333333,4.502430555555556,0.7915625,11.519791666666668,0.1,0.10000000000000002,,,,,26.140625,86.0,,133.6875,,,,719.9895833333334,
2023-10-17,61.21153846153846,96.45833333333333,6.0843750000000005,8.657291666666667,9.552083333333334,2.0812500000000003,4.2288194444444445,0.8440625,11.469791666666666,0.1,1.0999999999999999,,,,,26.223958333333332,85.875,,168.39583333333334,,,,720.8020833333334,
2023-10-18,61.697916666666664,124.35416666666667,6.227083333333334,8.621875,9.65,2.0552083333333333,4.789930555555555,0.9917708333333333,11.43125,0.1,0.2625,,,,,25.946875000000002,85.86458333333333,,124.73958333333333,,,,721.5416666666666,
2023-10-19,75.125,143.85416666666666,6.167708333333334,8.509375,9.538541666666667,2.0385416666666667,4.740972222222222,1.0867708333333332,11.331249999999999,0.1,0.10000000000000002,,,,,26.027083333333334,86.3125,,134.44791666666666,,,,721.5729166666666,
2023-10-20,80.79166666666667,138.58680555555557,6.2718750000000005,8.644791666666666,9.696875,2.06875,4.53125,1.1253125,11.508333333333333,0.1046875,0.16999999999999998,,,,,26.155555555555555,87.16666666666667,,123.375,,,,721.3020833333334,
2023-10-21,78.32986111111111,127.89583333333333,6.0406249999999995,8.502083333333333,9.435416666666667,2.1020833333333333,4.612152777777777,1.2097916666666666,11.470833333333333,0.1,0.1,,,,,26.13611111111111,87.85416666666667,,123.42708333333333,,,,721.75,
2023-10-22,69.85416666666667,125.65277777777777,6.0125,8.878124999999999,9.609375,2.009375,5.020486111111111,1.0055208333333334,11.472916666666668,0.1,0.48333333333333334,,,,,26.932291666666668,87.72916666666667,,127.91666666666667,,,,721.8854166666666,
2023-10-23,74.03030303030303,138.23106060606062,5.9556818181818185,8.570454545454545,9.398863636363636,2.0772727272727276,5.21439393939394,1.729090909090909,12.779924242424242,0.10000000000000002,0.1,,,,,26.01590909090909,88.0,,157.98484848484847,,,,721.0871212121211,
2023-10-24,70.42424242424242,112.56159420289855,6.288541666666667,8.635416666666666,9.702083333333333,2.0479166666666666,4.9430555555555555,0.6105555555555555,11.557291666666666,0.1,0.1,,,,,26.62013888888889,87.86458333333333,,165.25,,,,720.7395833333334,
2023-10-25,68.83680555555556,120.47916666666667,6.39375,8.304166666666667,9.623958333333333,2.1125000000000003,5.149305555555555,0.9927083333333333,11.525,0.1076923076923077,0.1,,,,,26.62222222222222,87.78125,,135.13541666666666,,,,721.8854166666666,
2023-10-26,74.56944444444444,124.28472222222223,6.284375,8.573958333333334,9.667708333333334,2.084375,5.0100694444444445,1.0689583333333335,11.517708333333333,0.1,0.1,,,,,26.18958333333333,87.875,,132.78125,,,,721.8854166666666,
2023-10-27,63.888888888888886,119.86805555555556,6.260416666666667,8.586458333333333,9.657291666666667,2.09375,4.449652777777778,0.93125,11.497916666666667,0.1,0.10000000000000002,,,,,25.748958333333334,87.95833333333333,,129.40625,,,,720.6041666666666,
2023-10-28,44.114583333333336,79.40277777777779,6.258333333333333,8.4125,9.564583333333333,2.167708333333333,4.713888888888889,0.8143750000000001,11.485416666666666,0.10000000000000002,0.4055555555555555,,,,,25.88888888888889,87.91666666666667,,127.55208333333333,,,,720.6666666666666,
2023-10-29,47.06597222222222,68.99305555555556,6.1937500000000005,8.658333333333333,9.639583333333333,2.027083333333333,4.886805555555555,0.6363541666666667,11.332291666666668,,,,,,,25.746180555555554,88.04166666666667,,127.125,,,,720.4791666666666,
2023-10-30,40.979166666666664,66.23263888888889,6.438541666666667,8.457291666666666,9.734375,2.111458333333333,5.161111111111111,0.7726041666666666,11.326041666666667,0.10000000000000002,0.6277777777777779,,,,,24.39305555555556,88.27083333333333,,135.01041666666666,,,,720.6458333333334,
2023-10-31,71.40277777777779,119.5173611111111,6.254166666666666,8.44513888888889,9.580902777777778,2.1506944444444445,5.295138888888888,1.0446527777777777,11.47777777777778,0.1,0.3491666666666667,,,,,24.675694444444446,88.22916666666667,,127.94097222222223,,,,721.2604166666666,
2023-11-01,57.875,104.72222222222223,6.416666666666667,8.270833333333334,9.615625,2.1437500000000003,4.961458333333334,1.0086111111111111,11.416666666666666,0.1,0.2569444444444445,,,,,25.365277777777777,88.09375,,123.02083333333333,,,,721.2708333333334,
2023-11-02,43.37847222222222,85.55208333333333,6.455902777777777,8.363541666666666,9.694791666666667,2.1239583333333334,5.070486111111111,1.0211458333333334,11.3375,0.10000000000000002,0.1,,,,,25.477430555555557,88.05208333333333,,127.5,,,,720.4270833333334,
2023-11-03,28.930555555555557,60.083333333333336,6.2593749999999995,8.648958333333333,9.690624999999999,2.078125,4.720138888888889,0.9063541666666667,11.44375,0.1,0.24333333333333335,,,,,25.89548611111111,88.05208333333333,,121.60416666666667,,,,718.6145833333334,
2023-11-04,34.778985507246375,56.76086956521739,6.151041666666667,8.56875,9.554166666666667,2.0375,5.300347222222222,0.938125,11.424999999999999,0.1,0.19444444444444445,,,,,24.75,88.16666666666667,,124.83333333333333,,,,718.7395833333334,
2023-11-05,21.527777777777775,40.34027777777778,6.235416666666667,8.446875,9.5625,2.060416666666667,4.70625,0.5784375,11.393749999999999,,0.6761904761904762,,,,,25.29513888888889,87.86458333333333,,134.14583333333334,,,,719.9375,
2023-11-06,33.523809523809526,64.4920634920635,6.307291666666667,8.215625000000001,9.495833333333334,2.1354166666666665,5.5881944444444445,1.0111458333333334,11.376041666666666,0.135,0.3678571428571429,,,,,24.618055555555557,87.8125,,170.13541666666666,,,,721.2604166666666,
2023-11-07,37.95833333333333,68.35964912280701,6.442708333333333,8.430208333333333,9.726041666666667,2.095833333333333,5.316666666666666,1.3784375000000002,12.65486111111111,0.11805555555555555,0.30312500000000003,,,,,22.79652777777778,88.05208333333333,,176.84375,,,,721.6458333333334,
2023-11-08,29.01736111111111,61.03819444444445,6.167708333333334,8.56875,9.573958333333334,2.165625,4.874305555555556,0.8560416666666667,11.244791666666666,0.1,0.171875,,,,,24.71840277777778,87.92708333333333,,161.38541666666666,,,,720.875,
2023-11-09,44.66319444444445,85.78472222222223,6.333333333333333,8.459375,9.647916666666667,2.0864583333333333,4.781597222222222,1.0035416666666668,11.450000000000001,0.1,0.15937500000000002,,,,,24.32777777777778,88.30208333333333,,130.79166666666666,,,,721.625,
2023-11-10,53.24652777777778,100.3888888888889,6.347916666666666,8.434375000000001,9.651041666666666,2.1104166666666666,4.948611111111111,0.9991666666666666,11.476041666666667,0.1,0.11354166666666667,,,,,24.712847222222223,88.19791666666667,,125.91666666666667,,,,722.78125,
2023-11-11,61.135416666666664,114.7673611111111,6.2124999999999995,8.355208333333334,9.495833333333334,2.0875,4.876388888888889,1.0383333333333333,11.513541666666667,0.1,0.1,,,,,25.010069444444444,88.09375,,117.66666666666667,,,,722.90625,
2023-11-12,88.11458333333333,146.74652777777777,6.172916666666667,8.335416666666667,9.457291666666666,2.0989583333333335,5.334027777777778,1.0257291666666666,11.265625,0.1,0.1,,,,,24.179166666666664,88.42708333333333,,114.96875,,,,722.9479166666666,
2023-11-13,104.94444444444444,177.9652777777778,6.314583333333334,8.303125,9.549999999999999,2.122916666666667,5.535416666666666,1.1098958333333333,11.34375,0.10000000000000002,0.1,,,,,23.982986111111114,88.57291666666667,,105.53125,,,,722.2083333333334,
2023-11-14,118.80392156862746,171.06944444444446,6.03125,8.622916666666667,9.490625,2.115625,5.8180555555555555,1.0652083333333333,11.464236111111111,0.10000000000000002,0.1,,,,,22.40416666666667,89.02083333333333,,107.53125,,,,721.8125,
2023-11-15,91.97916666666667,153.89583333333334,6.175,8.40625,9.494791666666666,2.090625,5.362847222222222,1.2603472222222223,11.073958333333332,0.1,0.1,,,,,24.539930555555557,88.36458333333333,,116.03125,,,,721.03125,
2023-11-16,76.23958333333333,128.50347222222223,6.248958333333333,8.540625,9.620833333333334,2.15,5.162847222222222,1.2198958333333334,11.160416666666668,0.1,0.10000000000000002,,,,,25.45347222222222,88.3125,,125.6875,,,,721.3645833333334,
2023-11-17,69.03819444444444,117.5486111111111,6.301041666666666,8.520833333333334,9.657291666666667,2.0520833333333335,4.689236111111112,1.0106249999999999,11.333333333333334,0.1,0.10000000000000002,,,,,25.578819444444445,88.20833333333333,,128.4375,,,,721.5625,
2023-11-18,44.5625,87.22916666666667,6.28125,8.580208333333333,9.669791666666667,2.076041666666667,4.325,1.0743055555555556,10.9375,0.10227272727272728,0.10000000000000002,,,,,25.639236111111114,88.30208333333333,,124.34375,,,,721.0,
2023-11-19,43.95652173913044,63.2936507936508,6.1031249999999995,8.661458333333334,9.572916666666666,2.0989583333333335,5.194444444444445,0.6484375,11.070833333333333,,,,,,,24.85659722222222,88.48958333333333,,124.22916666666667,,,,721.3645833333334,
2023-11-20,47.6875,90.20833333333333,6.5874999999999995,8.496875000000001,9.877083333333333,2.082291666666667,4.669791666666667,1.0778125,11.171875,0.10000000000000002,0.1,,,,,24.477430555555557,88.625,,115.41666666666667,,,,721.1875,
2023-11-21,40.791666666666664,87.74652777777777,6.128125,8.602083333333333,9.559375000000001,2.109375,5.285763888888889,1.1675,11.174999999999999,0.10000000000000002,0.10000000000000002,,,,,24.19201388888889,88.58333333333333,,111.45833333333333,,,,720.2083333333334,
2023-11-22,32.333333333333336,75.53819444444444,6.20625,8.558333333333334,9.59375,2.129166666666667,4.763194444444444,1.1896875,9.643749999999999,0.1,0.1,,,,,24.625694444444445,88.51041666666667,,126.38541666666667,,,,719.6770833333334,
2023-11-23,24.541666666666668,59.27272727272727,6.111458333333334,8.53125,9.508333333333333,2.09375,5.0687500000000005,0.7604166666666666,10.84375,,0.4499999999999999,,,,,24.05151515151515,88.55208333333333,,139.84375,,,,718.96875,
2023-11-24,27.90625,51.385416666666664,6.289583333333333,8.525,9.653125000000001,2.1010416666666667,4.6923611111111105,0.6854166666666667,11.111458333333333,0.1,,,,,,24.172916666666666,88.6875,,138.5625,,,,719.6979166666666,
2023-11-25,32.125,64.25,6.2,8.460416666666667,9.539583333333333,2.1489583333333333,4.826388888888888,1.0745833333333332,11.342708333333334,0.10000000000000002,0.2888888888888889,,,,,23.226041666666664,88.91666666666667,,123.90625,,,,721.2916666666666,
2023-11-26,42.34375,72.65625,6.180208333333333,8.517708333333333,9.557291666666666,2.1583333333333337,4.790972222222222,0.7317708333333334,10.607291666666667,0.1,0.5208333333333334,,,,,23.864583333333332,88.83333333333333,,125.02083333333333,,,,722.0625,
2023-11-27,23.9375,48.416666666666664,6.035416666666666,8.673958333333333,9.517708333333333,2.076041666666667,5.307638888888889,0.7843749999999999,10.59375,0.1,0.43809523809523804,,,,,24.246875,88.72916666666667,,129.35416666666666,,,,720.5729166666666,
2023-11-28,29.993055555555557,64.86458333333333,6.46875,8.36875,9.720833333333333,2.06875,4.6253472222222225,0.9175,10.535416666666666,0.10312500000000001,0.44375,,,,,24.440625,88.70833333333333,,132.35416666666666,,,,719.75,
2023-11-29,22.395833333333332,50.729166666666664,6.175,8.714583333333334,9.65625,2.0187500000000003,4.452083333333333,0.7995486111111112,10.909374999999999,0.1,0.3761904761904762,,,,,24.454166666666666,88.55208333333333,,127.5,,,,720.1145833333334,
2023-11-30,20.967391304347824,47.39492753623188,6.233680555555556,8.447222222222221,9.563194444444445,2.0968750000000003,4.853472222222222,0.7882638888888889,11.229513888888889,0.1,0.38148148148148153,,,,,23.793402777777775,88.78125,,129.39583333333334,,,,720.6736111111112,
2023-12-01,27.729166666666668,72.09375,6.107291666666666,8.836458333333333,9.65625,2.0520833333333335,5.366666666666667,1.0572916666666667,11.164583333333333,0.10178571428571428,0.39479166666666665,,,,,23.818749999999998,88.96875,,130.92708333333334,,,,719.84375,
2023-12-02,43.15625,96.38541666666667,6.377083333333334,8.577083333333333,9.745833333333334,2.073958333333333,4.694791666666666,1.1717708333333332,11.048958333333333,0.1,0.24772727272727274,,,,,23.83020833333333,88.82291666666667,,110.46875,,,,718.5625,
2023-12-03,26.760416666666668,62.15625,6.177083333333333,8.623958333333333,9.616666666666667,2.111458333333333,4.904166666666667,0.9688541666666667,11.214583333333332,0.1,0.6166666666666667,,,,,23.01354166666667,89.07291666666667,,127.09375,,,,718.3333333333334,
2023-12-04,33.375,74.70833333333333,6.289583333333333,8.605208333333334,9.691666666666666,2.105208333333333,4.870486111111111,0.9658333333333333,11.260416666666666,0.1,0.45625,,,,,22.651041666666668,89.23958333333333,,210.0625,,,,716.6458333333334,
2023-12-05,36.125,74.26041666666667,6.1937500000000005,8.549999999999999,9.5875,2.0749999999999997,4.566666666666666,1.1168055555555556,10.822916666666666,0.15000000000000002,0.47115384615384615,,,,,23.136458333333334,89.11458333333333,,267.78125,,,,716.4895833333334,
2023-12-06,74.53125,137.1875,6.184375,8.504166666666666,9.558333333333334,2.0677083333333335,4.424305555555556,1.8859722222222224,10.293750000000001,0.175,0.12794117647058825,,,,,25.448958333333334,88.46875,,205.32291666666666,,,,718.1666666666666,
2023-12-07,54.520833333333336,83.05208333333333,6.326041666666666,8.294791666666667,9.553125,2.0927083333333334,4.548611111111112,0.7656944444444443,10.670833333333334,0.1,0.1,,,,,25.584374999999998,88.39583333333333,,182.73958333333334,,,,719.1979166666666,
2023-12-08,56.770833333333336,91.70833333333333,6.3,8.592708333333333,9.692708333333334,2.0968750000000003,4.8125,0.8778125000000001,10.700000000000001,0.1,0.525,,,,,24.925,88.52083333333333,,137.65625,,,,720.1354166666666,
2023-12-09,45.75,86.78125,6.264583333333333,8.527083333333334,9.639583333333333,2.078125,4.977430555555555,0.9985069444444444,11.169791666666667,0.10166666666666667,0.31875000000000003,,,,,24.83020833333333,88.54166666666667,,125.15625,,,,721.2916666666666,
2023-12-10,54.891304347826086,80.82608695652173,6.158333333333334,8.616666666666667,9.5875,2.0791666666666666,4.377430555555556,0.7523611111111111,11.159374999999999,0.10000000000000002,,,,,,24.551041666666666,88.72916666666667,,128.36458333333334,,,,720.3958333333334,
2023-12-11,51.020833333333336,94.26041666666667,6.153125,8.528125000000001,9.5375,2.089583333333333,4.893055555555556,1.0058680555555555,10.984375,0.1,0.4197916666666667,,,,,24.710416666666664,88.71875,,133.11458333333334,,,,720.8333333333334,
2023-12-12,66.84375,119.11458333333333,6.155208333333333,8.543750000000001,9.551041666666666,2.154166666666667,4.816319444444445,1.093611111111111,10.895833333333334,0.10576923076923077,0.26212121212121214,,,,,23.846875,89.02083333333333,,126.01041666666667,,,,720.1145833333334,
2023-12-13,66.94444444444444,117.67708333333333,6.278125,8.831249999999999,9.795833333333333,2.025,5.7749999999999995,1.0948958333333334,10.959375,0.10208333333333335,0.5675,,,,,23.13854166666667,89.0,,120.07291666666667,,,,720.5729166666666,
2023-12-14,65.61458333333333,102.125,6.152083333333334,8.53125,9.538541666666667,2.109375,5.138194444444444,0.8789583333333333,10.851041666666667,0.1,0.5472222222222222,,,,,22.613541666666666,89.04166666666667,,126.88541666666667,,,,722.0625,
2023-12-15,63.3125,130.38541666666666,6.288541666666667,8.513541666666667,9.647916666666667,2.0656250000000003,5.7086805555555555,1.0029166666666667,10.945833333333333,0.1,,,,,,22.397916666666664,89.05208333333333,,122.0,,,,722.5104166666666,
2023-12-16,36.645833333333336,71.32291666666667,6.163541666666667,8.601041666666667,9.584375,2.1395833333333334,5.299305555555556,1.1286458333333333,11.060416666666667,0.1,0.1,,,,,23.508333333333336,88.92708333333333,,120.30208333333333,,,,721.6875,
2023-12-17,40.145833333333336,82.07291666666667,6.220833333333334,8.637500000000001,9.65,2.1177083333333333,5.028819444444444,1.0693402777777778,11.140625,0.1,,,,,,22.811458333333334,89.11458333333333,,119.125,,,,721.1354166666666,
2023-12-18,51.541666666666664,103.375,6.298958333333334,8.275,9.517708333333333,2.1437500000000003,4.756597222222222,1.1122222222222222,11.272916666666667,0.1,0.65,,,,,21.995833333333334,89.36458333333333,,120.875,,,,722.1041666666666,
2023-12-19,85.30208333333333,142.52083333333334,6.2437499999999995,8.612499999999999,9.661458333333334,2.0968750000000003,5.0874999999999995,1.203298611111111,11.036458333333334,0.1,0.1,,,,,22.98645833333333,89.02083333333333,,115.86458333333333,,,,722.71875,
2023-12-20,71.01041666666667,126.8125,6.28125,8.653125000000001,9.7125,2.1635416666666667,4.617361111111111,1.2498958333333332,10.854166666666666,0.1,,,,,,22.65625,89.10416666666667,,123.45833333333333,,,,722.625,
2023-12-21,61.104166666666664,106.23958333333333,6.1781250000000005,8.490625,9.540625,2.11875,4.651388888888889,1.0553819444444443,10.833333333333334,0.1,0.1,,,,,22.938541666666666,89.07291666666667,,135.26041666666666,,,,722.4895833333334,
2023-12-22,80.60416666666667,129.3125,6.078125,8.623958333333333,9.528125,2.125,4.8843749999999995,1.2462847222222222,10.940624999999999,0.1,0.1,,,,,24.409375,88.78125,,144.70833333333334,,,,722.3229166666666,
2023-12-23,88.9047619047619,138.79761904761904,6.253125,8.510416666666666,9.608333333333333,2.0927083333333334,4.710763888888889,0.9485069444444445,10.994791666666666,0.1,0.1,,,,,23.233333333333334,88.91666666666667,,132.52083333333334,,,,722.9583333333334,
2023-12-24,67.08333333333333,116.65625,6.133333333333333,8.527083333333334,9.522916666666667,2.0906249999999997,4.676041666666666,0.9715277777777778,11.043750000000001,0.1,,,,,,23.254166666666666,88.86458333333333,,126.23958333333333,,,,724.2395833333334,
2023-12-25,40.6875,77.90625,6.354166666666667,8.511458333333334,9.689583333333333,2.0947916666666666,5.2451388888888895,0.8572222222222222,11.120833333333332,0.1,1.1583333333333332,,,,,23.125,89.09375,,125.875,,,,724.1458333333334,
2023-12-26,59.09090909090909,92.60227272727273,6.265625,8.622916666666667,9.674999999999999,2.0729166666666665,4.794444444444444,0.8590625,11.151041666666666,0.1,0.5,,,,,23.366666666666664,88.88541666666667,,129.38541666666666,,,,723.96875,
2023-12-27,42.760416666666664,90.49305555555556,6.257291666666667,8.475,9.590625000000001,2.1197916666666665,4.229166666666667,0.9312152777777777,11.160416666666668,0.1,,,,,,22.938888888888886,88.91666666666667,,123.67708333333333,,,,724.2291666666666,
2023-12-28,44.479166666666664,87.125,6.141666666666667,8.707291666666666,9.617708333333333,2.103125,4.685416666666667,0.8279513888888889,11.148958333333333,0.1,,,,,,23.233333333333334,88.9375,,127.35416666666667,,,,723.0729166666666,
2023-12-29,45.5,81.69097222222221,6.0687500000000005,8.477083333333333,9.441666666666666,2.0875,4.520833333333333,0.8642708333333333,11.091666666666667,0.10000000000000002,0.7,,,,,22.71701388888889,89.17708333333333,,128.14583333333334,,,,723.28125,
2023-12-30,36.072916666666664,67.38888888888889,6.20625,8.576041666666667,9.609375,2.1083333333333334,4.988888888888889,0.7388541666666667,11.143749999999999,0.1,0.75,,,,,23.58020833333333,88.78125,,136.1875,,,,722.5208333333334,
2023-12-31,46.5625,74.67708333333333,6.383680555555556,8.522916666666667,9.723958333333334,2.067013888888889,5.1350694444444445,0.6617361111111112,11.15486111111111,,,,,,,22.59583333333333,89.03125,,134.65972222222223,,,,722.0416666666666,
