Timestamp,PM2.5 (µg/m³),PM10 (µg/m³),NO (µg/m³),NO2 (µg/m³),NOx (ppb),NH3 (µg/m³),SO2 (µg/m³),CO (mg/m³),Ozone (µg/m³),Benzene (µg/m³),Toluene (µg/m³),Xylene (µg/m³),O Xylene (µg/m³),Eth-Benzene (µg/m³),MP-Xylene (µg/m³),AT (°C),RH (%),WS (m/s),WD (deg),RF (mm),TOT-RF (mm),SR (W/mt2),BP (mmHg),VWS (m/s)
2021-01-01 00:00:00,52.32,97.18,9.22,23.67,32.87,2.62,2.13,0.81,72.30,NA,NA,NA,NA,NA,NA,NA,67.04,NA,NA,NA,NA,148.82,926.36,NA
2021-01-02 00:00:00,49.19,98.46,9.40,23.00,32.40,2.52,4.85,0.84,66.53,NA,NA,NA,NA,NA,NA,NA,75.48,NA,NA,NA,NA,92.83,929.41,NA
2021-01-03 00:00:00,32.07,56.45,7.52,18.31,25.82,3.15,3.72,0.73,70.08,NA,NA,NA,NA,NA,NA,NA,76.08,NA,NA,NA,NA,108.10,929.04,NA
2021-01-04 00:00:00,35.88,61.92,9.37,21.76,31.13,2.79,4.14,0.80,50.72,NA,NA,NA,NA,NA,NA,NA,79.95,NA,NA,NA,NA,20.27,930.76,NA
2021-01-05 00:00:00,33.49,59.15,10.73,23.50,33.80,3.41,4.65,0.81,51.06,NA,NA,NA,NA,NA,NA,NA,76.74,NA,NA,NA,NA,93.27,934.00,NA
2021-01-06 00:00:00,20.67,37.83,9.01,19.47,28.40,3.36,5.05,0.77,39.54,NA,NA,NA,NA,NA,NA,NA,89.35,NA,NA,NA,NA,40.29,936.77,NA
2021-01-07 00:00:00,22.75,34.37,8.65,18.34,26.99,3.85,3.74,0.82,82.73,NA,NA,NA,NA,NA,NA,NA,89.75,NA,NA,NA,NA,68.80,936.01,NA
2021-01-08 00:00:00,28.80,50.29,7.96,19.71,27.68,3.53,3.80,0.82,69.96,NA,NA,NA,NA,NA,NA,NA,80.63,NA,NA,NA,NA,132.42,931.67,NA
2021-01-09 00:00:00,26.78,56.06,9.40,23.64,33.16,2.97,3.79,0.85,15.99,NA,NA,NA,NA,NA,NA,NA,80.84,NA,NA,NA,NA,44.25,933.29,NA
2021-01-10 00:00:00,30.60,91.09,7.95,21.30,29.25,3.17,4.02,0.76,14.58,NA,NA,NA,NA,NA,NA,NA,77.10,NA,NA,NA,NA,133.38,929.87,NA
2021-01-11 00:00:00,42.37,155.33,10.98,24.97,35.95,2.69,5.21,0.82,2.51,NA,NA,NA,NA,NA,NA,NA,76.29,NA,NA,NA,NA,69.78,933.04,NA
2021-01-12 00:00:00,43.06,158.75,13.68,26.39,40.06,2.63,3.97,0.84,1.76,NA,NA,NA,NA,NA,NA,NA,75.19,NA,NA,NA,NA,50.39,931.82,NA
2021-01-13 00:00:00,45.94,153.56,12.35,24.85,37.20,3.15,5.68,0.88,2.27,NA,NA,NA,NA,NA,NA,NA,66.92,NA,NA,NA,NA,153.58,926.81,NA
2021-01-14 00:00:00,37.15,160.84,8.23,18.54,26.77,3.20,4.70,0.74,3.05,NA,NA,NA,NA,NA,NA,NA,73.56,NA,NA,NA,NA,107.00,924.04,NA
2021-01-15 00:00:00,45.99,169.63,7.93,18.65,26.58,3.34,3.89,0.76,3.48,NA,NA,NA,NA,NA,NA,NA,71.22,NA,NA,NA,NA,128.69,924.10,NA
2021-01-16 00:00:00,50.58,226.66,7.51,19.05,26.55,3.48,4.17,0.82,4.62,NA,NA,NA,NA,NA,NA,NA,70.91,NA,NA,NA,NA,145.16,923.48,NA
2021-01-17 00:00:00,45.22,210.24,7.30,17.69,24.99,3.58,5.08,0.71,4.31,NA,NA,NA,NA,NA,NA,NA,65.64,NA,NA,NA,NA,157.69,922.63,NA
2021-01-18 00:00:00,47.43,224.59,7.72,20.93,28.65,3.26,5.34,0.73,4.38,NA,NA,NA,NA,NA,NA,NA,58.19,NA,NA,NA,NA,178.28,920.56,NA
2021-01-19 00:00:00,47.06,216.70,8.04,23.02,31.05,2.76,NA,0.82,3.73,NA,NA,NA,NA,NA,NA,NA,63.91,NA,NA,NA,NA,169.50,922.16,NA
2021-01-20 00:00:00,52.69,213.42,8.18,23.40,31.58,2.94,4.93,0.98,4.80,NA,NA,NA,NA,NA,NA,NA,65.36,NA,NA,NA,NA,152.33,922.99,NA
2021-01-21 00:00:00,54.46,232.80,7.98,23.45,31.44,2.90,5.72,0.97,4.58,NA,NA,NA,NA,NA,NA,NA,60.38,NA,NA,NA,NA,158.76,921.13,NA
2021-01-22 00:00:00,59.53,290.94,7.85,22.89,30.74,3.12,NA,0.96,3.63,NA,NA,NA,NA,NA,NA,NA,65.03,NA,NA,NA,NA,120.62,922.67,NA
2021-01-23 00:00:00,56.36,172.21,8.29,21.85,30.14,3.37,9.30,0.91,4.76,NA,NA,NA,NA,NA,NA,NA,58.49,NA,NA,NA,NA,166.91,920.88,NA
2021-01-24 00:00:00,48.55,244.57,8.25,24.63,32.88,2.85,5.41,0.79,3.83,NA,NA,NA,NA,NA,NA,NA,42.58,NA,NA,NA,NA,234.59,917.02,NA
2021-01-25 00:00:00,49.37,272.68,7.76,23.48,31.24,2.41,5.88,0.82,4.59,NA,NA,NA,NA,NA,NA,NA,55.55,NA,NA,NA,NA,172.78,920.45,NA
2021-01-26 00:00:00,41.58,231.92,7.33,21.30,28.63,2.61,NA,0.73,4.94,NA,NA,NA,NA,NA,NA,NA,48.69,NA,NA,NA,NA,187.32,918.37,NA
2021-01-27 00:00:00,55.39,236.46,7.69,22.74,30.43,2.34,NA,0.75,5.67,NA,NA,NA,NA,NA,NA,NA,49.37,NA,NA,NA,NA,180.20,918.38,NA
2021-01-28 00:00:00,56.87,259.09,8.53,24.52,33.05,3.08,6.48,0.93,5.24,NA,NA,NA,NA,NA,NA,NA,55.53,NA,NA,NA,NA,172.73,920.59,NA
2021-01-29 00:00:00,62.15,146.20,7.76,22.62,30.38,2.54,6.10,0.80,15.83,NA,NA,NA,NA,NA,NA,NA,62.99,NA,NA,NA,NA,161.17,921.89,NA
2021-01-30 00:00:00,58.65,94.97,8.05,25.05,33.10,2.38,6.28,0.84,27.20,NA,NA,NA,NA,NA,NA,NA,54.23,NA,NA,NA,NA,154.89,919.65,NA
2021-01-31 00:00:00,51.14,94.98,7.89,24.04,31.92,2.60,6.68,0.76,28.45,NA,NA,NA,NA,NA,NA,NA,53.96,NA,NA,NA,NA,161.95,919.82,NA
2021-02-01 00:00:00,42.06,95.07,8.69,28.20,36.86,2.00,5.99,0.79,23.05,NA,NA,NA,NA,NA,NA,NA,50.15,NA,NA,NA,NA,167.84,918.07,NA
2021-02-02 00:00:00,39.62,95.01,7.92,25.17,33.08,2.05,7.03,0.79,27.37,NA,NA,NA,NA,NA,NA,NA,57.98,NA,NA,NA,NA,160.57,919.68,NA
2021-02-03 00:00:00,41.92,95.01,7.55,23.54,31.09,2.01,8.76,0.80,30.18,NA,NA,NA,NA,NA,NA,NA,60.51,NA,NA,NA,NA,142.11,920.57,NA
2021-02-04 00:00:00,38.52,95.05,7.99,26.38,34.37,2.04,NA,0.82,30.28,NA,NA,NA,NA,NA,NA,NA,43.50,NA,NA,NA,NA,168.82,916.01,NA
2021-02-05 00:00:00,32.67,95.00,8.19,26.97,35.16,2.02,NA,0.79,30.77,NA,NA,NA,NA,NA,NA,NA,48.60,NA,NA,NA,NA,168.58,917.00,NA
2021-02-06 00:00:00,47.56,95.03,8.78,29.39,38.17,1.75,NA,0.87,30.86,NA,NA,NA,NA,NA,NA,NA,46.12,NA,NA,NA,NA,168.53,916.81,NA
2021-02-07 00:00:00,43.97,95.02,8.04,25.95,33.99,1.76,NA,0.74,33.40,NA,NA,NA,NA,NA,NA,NA,34.37,NA,NA,NA,NA,179.30,913.50,NA
2021-02-08 00:00:00,54.16,95.02,8.57,23.04,36.86,1.34,NA,0.82,33.23,NA,NA,NA,NA,NA,NA,NA,40.62,NA,NA,NA,NA,173.14,915.16,NA
2021-02-09 00:00:00,50.50,94.93,8.26,29.19,35.55,1.42,6.69,0.81,33.34,NA,NA,NA,NA,NA,NA,NA,49.92,NA,NA,NA,NA,166.84,917.99,NA
2021-02-10 00:00:00,56.17,95.06,8.77,29.67,38.44,1.51,NA,0.87,33.28,NA,NA,NA,NA,NA,NA,NA,43.07,NA,NA,NA,NA,180.26,915.76,NA
2021-02-11 00:00:00,56.79,94.99,8.45,27.65,36.10,1.50,NA,0.85,33.06,NA,NA,NA,NA,NA,NA,NA,46.67,NA,NA,NA,NA,170.63,917.04,NA
2021-02-12 00:00:00,49.40,94.01,8.75,29.25,37.60,1.48,NA,0.82,32.33,NA,NA,NA,NA,NA,NA,NA,41.55,NA,NA,NA,NA,173.56,915.96,NA
2021-02-13 00:00:00,51.27,94.97,8.88,30.14,39.02,1.55,NA,0.90,31.25,NA,NA,NA,NA,NA,NA,NA,46.13,NA,NA,NA,NA,169.06,917.22,NA
2021-02-14 00:00:00,49.88,95.00,8.34,27.79,36.13,1.75,NA,0.87,33.68,NA,NA,NA,NA,NA,NA,NA,44.39,NA,NA,NA,NA,152.02,914.58,NA
2021-02-15 00:00:00,51.09,95.02,8.72,28.95,37.67,1.84,NA,0.86,29.06,NA,NA,NA,NA,NA,NA,NA,42.32,NA,NA,NA,NA,163.62,913.23,NA
2021-02-16 00:00:00,54.37,95.07,8.50,28.21,36.71,1.50,NA,0.90,33.80,NA,NA,NA,NA,NA,NA,NA,41.65,NA,NA,NA,NA,152.43,912.84,NA
2021-02-17 00:00:00,50.51,94.98,8.23,27.27,35.54,1.65,NA,0.87,33.32,NA,NA,NA,NA,NA,NA,NA,42.09,NA,NA,NA,NA,138.21,912.70,NA
2021-02-18 00:00:00,54.12,95.00,7.58,23.14,30.73,1.79,NA,0.77,34.98,NA,NA,NA,NA,NA,NA,NA,58.04,NA,NA,NA,NA,123.15,915.52,NA
2021-02-19 00:00:00,51.64,95.03,7.51,22.85,30.35,1.92,6.47,0.74,28.68,NA,NA,NA,NA,NA,NA,NA,68.22,NA,NA,NA,NA,103.09,917.81,NA
2021-02-20 00:00:00,32.21,80.14,8.37,23.98,32.30,2.79,5.43,0.72,18.57,NA,NA,NA,NA,NA,NA,NA,78.74,NA,NA,NA,NA,114.22,920.17,NA
2021-02-21 00:00:00,20.46,64.99,6.76,18.25,25.01,3.17,5.39,0.67,20.90,NA,NA,NA,NA,NA,NA,NA,80.78,NA,NA,NA,NA,102.75,921.46,NA
2021-02-22 00:00:00,23.57,65.04,7.33,19.70,27.04,3.23,4.68,0.74,22.14,NA,NA,NA,NA,NA,NA,NA,70.83,NA,NA,NA,NA,163.38,917.91,NA
2021-02-23 00:00:00,34.16,64.99,8.62,23.68,32.30,3.34,5.60,0.84,21.60,NA,NA,NA,NA,NA,NA,NA,56.32,NA,NA,NA,NA,202.21,916.59,NA
2021-02-24 00:00:00,33.26,61.33,9.18,25.67,34.86,3.05,4.34,0.83,28.91,NA,NA,NA,NA,NA,NA,NA,50.98,NA,NA,NA,NA,196.46,915.46,NA
2021-02-25 00:00:00,32.84,61.31,8.54,25.02,33.57,2.31,5.25,0.86,41.41,NA,NA,NA,NA,NA,NA,NA,43.00,NA,NA,NA,NA,235.96,910.70,NA
2021-02-26 00:00:00,34.52,67.94,9.30,29.83,39.13,2.18,6.06,0.92,36.61,NA,NA,NA,NA,NA,NA,NA,34.47,NA,NA,NA,NA,234.22,909.10,NA
2021-02-27 00:00:00,36.32,68.03,9.59,28.59,37.76,2.24,5.70,1.01,41.16,NA,NA,NA,NA,NA,NA,NA,37.83,NA,NA,NA,NA,189.66,910.83,NA
2021-02-28 00:00:00,27.31,67.92,7.81,22.29,30.10,2.65,4.78,0.71,45.30,NA,NA,NA,NA,NA,NA,NA,29.24,NA,NA,NA,NA,209.01,908.52,NA
2021-03-01 00:00:00,33.45,67.96,8.99,28.64,37.63,2.04,6.02,0.83,32.88,NA,NA,NA,NA,NA,NA,NA,30.12,NA,NA,NA,NA,186.65,908.86,NA
2021-03-02 00:00:00,33.39,68.02,8.62,26.49,35.11,1.60,5.41,0.84,42.74,NA,NA,NA,NA,NA,NA,NA,35.63,NA,NA,NA,NA,151.97,910.07,NA
2021-03-03 00:00:00,54.84,132.44,9.53,28.72,38.25,1.72,5.53,0.77,36.37,NA,NA,NA,NA,NA,NA,NA,33.44,NA,NA,NA,NA,164.81,910.56,NA
2021-03-04 00:00:00,51.03,110.97,9.15,31.36,40.51,0.75,5.52,0.76,32.72,NA,NA,NA,NA,NA,NA,NA,31.40,NA,NA,NA,NA,167.16,910.50,NA
2021-03-05 00:00:00,43.05,87.94,10.15,35.07,45.22,2.36,5.75,0.77,27.79,NA,NA,NA,NA,NA,NA,NA,40.02,NA,NA,NA,NA,179.24,911.01,NA
2021-03-06 00:00:00,49.05,98.77,10.49,35.58,46.07,3.52,6.85,0.86,27.57,NA,NA,NA,NA,NA,NA,NA,39.09,NA,NA,NA,NA,167.85,911.26,NA
2021-03-07 00:00:00,45.58,86.38,8.87,32.69,41.56,3.14,4.06,0.78,38.08,NA,NA,NA,NA,NA,NA,NA,36.19,NA,NA,NA,NA,164.28,910.28,NA
2021-03-08 00:00:00,36.17,71.23,9.12,34.89,44.00,2.99,5.47,0.74,31.12,NA,NA,NA,NA,NA,NA,NA,37.32,NA,NA,NA,NA,172.80,911.09,NA
2021-03-09 00:00:00,35.57,71.82,9.21,34.00,43.21,3.00,5.70,0.75,30.27,NA,NA,NA,NA,NA,NA,NA,47.15,NA,NA,NA,NA,166.24,913.10,NA
2021-03-10 00:00:00,31.09,68.92,9.79,33.04,42.83,3.31,6.89,0.72,26.71,NA,NA,NA,NA,NA,NA,NA,51.47,NA,NA,NA,NA,156.59,914.20,NA
2021-03-11 00:00:00,32.32,66.15,9.65,29.06,38.71,3.65,6.21,0.69,30.34,NA,NA,NA,NA,NA,NA,NA,52.20,NA,NA,NA,NA,163.14,914.51,NA
2021-03-12 00:00:00,40.58,79.14,10.21,31.65,41.85,3.81,5.88,0.71,31.56,NA,NA,NA,NA,NA,NA,NA,35.07,NA,NA,NA,NA,163.94,910.26,NA
2021-03-13 00:00:00,38.90,90.15,11.38,32.10,43.48,4.65,5.16,0.75,33.96,NA,NA,NA,NA,NA,NA,NA,35.19,NA,NA,NA,NA,158.14,910.43,NA
2021-03-14 00:00:00,36.73,71.38,10.43,27.82,38.25,5.53,5.35,0.67,38.23,NA,NA,NA,NA,NA,NA,NA,39.10,NA,NA,NA,NA,159.99,910.28,NA
2021-03-15 00:00:00,43.30,80.44,11.08,31.17,42.26,5.25,6.80,1.80,39.26,NA,NA,NA,NA,NA,NA,NA,33.15,NA,NA,NA,NA,151.89,909.37,NA
2021-03-16 00:00:00,49.89,95.63,12.10,32.97,45.07,5.60,5.45,6.74,35.13,NA,NA,NA,NA,NA,NA,NA,37.72,NA,NA,NA,NA,151.85,909.94,NA
2021-03-17 00:00:00,53.52,101.42,12.31,39.57,51.88,4.20,5.92,5.25,38.82,NA,NA,NA,NA,NA,NA,NA,40.88,NA,NA,NA,NA,143.64,910.69,NA
2021-03-18 00:00:00,61.62,122.73,12.85,43.42,56.27,3.37,5.74,0.87,41.21,NA,NA,NA,NA,NA,NA,NA,37.20,NA,NA,NA,NA,140.67,909.23,NA
2021-03-19 00:00:00,61.15,123.79,13.93,47.91,61.84,2.85,5.40,0.94,36.78,NA,NA,NA,NA,NA,NA,NA,38.35,NA,NA,NA,NA,109.82,910.35,NA
2021-03-20 00:00:00,81.64,123.54,13.42,41.94,55.44,3.20,6.01,0.83,40.45,NA,NA,NA,NA,NA,NA,NA,38.09,NA,NA,NA,NA,145.91,910.24,NA
2021-03-21 00:00:00,34.86,114.18,12.93,35.86,48.79,4.50,5.64,0.81,41.20,NA,NA,NA,NA,NA,NA,NA,35.15,NA,NA,NA,NA,144.63,909.77,NA
2021-03-22 00:00:00,58.89,141.59,13.73,39.37,53.10,4.05,6.73,0.83,31.01,NA,NA,NA,NA,NA,NA,NA,33.13,NA,NA,NA,NA,140.43,908.82,NA
2021-03-23 00:00:00,58.78,122.00,12.02,33.01,45.03,4.38,4.72,0.84,32.23,NA,NA,NA,NA,NA,NA,NA,43.23,NA,NA,NA,NA,154.33,911.59,NA
2021-03-24 00:00:00,60.00,124.41,11.19,29.94,41.14,4.83,4.67,0.82,28.31,NA,NA,NA,NA,NA,NA,NA,45.18,NA,NA,NA,NA,150.89,912.00,NA
2021-03-25 00:00:00,36.68,132.30,10.82,28.77,39.59,4.80,5.00,0.83,26.17,NA,NA,NA,NA,NA,NA,NA,41.43,NA,NA,NA,NA,129.71,910.71,NA
2021-03-26 00:00:00,53.03,162.23,12.40,33.50,45.91,3.86,6.23,0.93,31.86,NA,NA,NA,NA,NA,NA,NA,37.06,NA,NA,NA,NA,147.82,910.20,NA
2021-03-27 00:00:00,60.63,150.96,10.76,28.42,39.17,4.50,5.84,0.89,38.16,NA,NA,NA,NA,NA,NA,NA,41.45,NA,NA,NA,NA,137.02,911.16,NA
2021-03-28 00:00:00,60.00,147.28,10.72,29.15,39.87,4.25,6.20,0.91,37.18,NA,NA,NA,NA,NA,NA,NA,47.38,NA,NA,NA,NA,96.08,912.09,NA
2021-03-29 00:00:00,38.71,149.19,13.29,35.92,49.21,3.94,6.26,1.00,36.04,NA,NA,NA,NA,NA,NA,NA,44.77,NA,NA,NA,NA,103.38,912.09,NA
2021-03-30 00:00:00,20.83,129.74,11.00,30.10,41.10,3.99,5.19,0.85,31.46,NA,NA,NA,NA,NA,NA,NA,55.38,NA,NA,NA,NA,112.65,914.10,NA
2021-03-31 00:00:00,55.47,203.43,11.88,35.49,47.37,3.89,5.55,1.04,24.44,NA,NA,NA,NA,NA,NA,NA,39.03,NA,NA,NA,NA,106.55,910.07,NA
2021-04-01 00:00:00,41.76,122.34,12.43,33.18,45.13,5.23,6.06,0.80,25.88,NA,NA,NA,NA,NA,NA,NA,51.15,NA,NA,NA,NA,135.56,913.32,NA
2021-04-02 00:00:00,35.91,102.97,10.64,29.77,40.41,5.10,4.68,0.72,29.00,NA,NA,NA,NA,NA,NA,NA,44.75,NA,NA,NA,NA,136.95,911.62,NA
2021-04-03 00:00:00,8.25,138.17,9.27,25.52,34.79,4.36,4.22,0.72,33.72,NA,NA,NA,NA,NA,NA,NA,53.44,NA,NA,NA,NA,125.30,914.98,NA
2021-04-04 00:00:00,8.25,139.53,8.11,21.00,29.11,4.94,5.21,0.58,32.16,NA,NA,NA,NA,NA,NA,NA,49.67,NA,NA,NA,NA,112.67,912.99,NA
2021-04-05 00:00:00,40.71,156.25,9.44,24.26,33.70,4.59,5.19,0.79,32.98,NA,NA,NA,NA,NA,NA,NA,55.64,NA,NA,NA,NA,108.88,914.54,NA
2021-04-06 00:00:00,40.75,145.55,9.28,23.49,32.77,4.73,5.33,0.91,39.82,NA,NA,NA,NA,NA,NA,NA,55.23,NA,NA,NA,NA,111.16,914.57,NA
2021-04-07 00:00:00,42.71,134.01,8.77,25.15,33.88,4.23,6.21,0.83,36.43,NA,NA,NA,NA,NA,NA,NA,38.43,NA,NA,NA,NA,124.09,910.36,NA
2021-04-08 00:00:00,42.69,148.02,9.56,28.72,38.28,3.49,5.85,0.89,38.27,NA,NA,NA,NA,NA,NA,NA,41.33,NA,NA,NA,NA,100.83,911.66,NA
2021-04-09 00:00:00,43.49,133.72,9.81,27.21,37.02,3.84,5.20,0.93,40.88,NA,NA,NA,NA,NA,NA,NA,44.58,NA,NA,NA,NA,111.14,912.16,NA
2021-04-10 00:00:00,42.69,126.20,10.00,26.82,36.82,4.15,5.47,0.86,41.71,NA,NA,NA,NA,NA,NA,NA,42.86,NA,NA,NA,NA,117.59,911.86,NA
2021-04-11 00:00:00,42.71,77.42,9.15,21.36,30.48,6.66,4.13,0.70,35.10,NA,NA,NA,NA,NA,NA,NA,47.78,NA,NA,NA,NA,115.93,914.60,NA
2021-04-12 00:00:00,42.72,72.22,9.42,21.94,31.36,5.81,5.33,0.70,24.33,NA,NA,NA,NA,NA,NA,NA,59.36,NA,NA,NA,NA,93.68,917.07,NA
2021-04-13 00:00:00,42.67,59.31,9.39,20.95,30.25,6.41,5.52,0.57,28.53,NA,NA,NA,NA,NA,NA,NA,58.05,NA,NA,NA,NA,102.78,916.22,NA
2021-04-14 00:00:00,42.69,65.90,11.08,23.75,34.70,7.16,6.38,0.62,26.90,NA,NA,NA,NA,NA,NA,NA,70.51,NA,NA,NA,NA,62.68,919.98,NA
2021-04-15 00:00:00,35.45,69.01,10.25,22.88,33.06,7.23,5.33,0.67,33.97,NA,NA,NA,NA,NA,NA,NA,71.25,NA,NA,NA,NA,107.20,919.84,NA
2021-04-16 00:00:00,32.02,87.69,9.51,21.79,31.26,6.92,6.58,0.80,35.41,NA,NA,NA,NA,NA,NA,NA,65.92,NA,NA,NA,NA,78.25,918.19,NA
2021-04-17 00:00:00,56.50,114.78,11.90,26.95,38.91,6.32,6.32,1.04,61.41,NA,NA,NA,NA,NA,NA,NA,61.19,NA,NA,NA,NA,98.20,917.56,NA
2021-04-18 00:00:00,55.37,79.97,8.81,19.23,28.03,2.55,4.31,0.66,94.17,NA,NA,NA,NA,NA,NA,NA,59.69,NA,NA,NA,NA,145.20,916.94,NA
2021-04-19 00:00:00,75.24,144.66,9.94,23.72,33.65,3.04,7.48,0.82,75.57,NA,NA,NA,NA,NA,NA,NA,59.77,NA,NA,NA,NA,130.81,917.16,NA
2021-04-20 00:00:00,60.69,86.50,9.10,22.15,31.30,4.06,6.03,0.70,86.12,NA,NA,NA,NA,NA,NA,NA,70.04,NA,NA,NA,NA,109.60,920.95,NA
2021-04-21 00:00:00,67.07,109.23,9.94,23.55,33.49,5.22,5.60,0.81,44.14,NA,NA,NA,NA,NA,NA,NA,66.98,NA,NA,NA,NA,123.89,920.32,NA
2021-04-22 00:00:00,48.95,94.61,8.60,20.72,29.40,4.66,6.08,0.78,26.81,NA,NA,NA,NA,NA,NA,NA,73.34,NA,NA,NA,NA,117.38,922.11,NA
2021-04-23 00:00:00,33.74,62.57,7.86,18.10,25.96,4.68,5.42,0.62,27.10,NA,NA,NA,NA,NA,NA,NA,75.92,NA,NA,NA,NA,117.71,922.12,NA
2021-04-24 00:00:00,28.17,52.40,7.96,17.16,25.12,5.42,5.42,0.66,21.45,NA,NA,NA,NA,NA,NA,NA,66.87,NA,NA,NA,NA,97.55,922.56,NA
2021-04-25 00:00:00,36.79,78.50,8.05,17.01,25.06,5.16,5.08,0.70,22.02,NA,NA,NA,NA,NA,NA,NA,63.50,NA,NA,NA,NA,111.05,918.25,NA
2021-04-26 00:00:00,52.01,110.31,8.67,21.16,29.83,4.24,6.47,0.83,21.75,3.32,88.18,NA,NA,NA,NA,NA,54.01,NA,NA,NA,NA,123.62,915.99,NA
2021-04-27 00:00:00,52.23,119.23,9.01,23.45,32.46,3.99,6.75,0.91,21.16,2.57,60.12,NA,NA,NA,NA,NA,53.60,NA,NA,NA,NA,101.72,916.30,NA
2021-04-28 00:00:00,52.18,124.96,8.91,20.93,29.84,4.32,6.94,0.89,24.80,2.58,56.21,NA,NA,NA,405.05,NA,48.95,NA,NA,NA,NA,101.49,914.94,NA
2021-04-29 00:00:00,59.79,106.37,7.73,18.44,26.17,3.80,7.45,0.70,29.92,1.57,58.93,NA,NA,NA,NA,NA,59.28,NA,NA,NA,NA,83.74,917.40,NA
2021-04-30 00:00:00,56.00,91.66,7.95,19.14,27.09,3.98,6.76,0.70,30.37,1.47,32.25,NA,NA,361.24,262.14,NA,59.36,NA,NA,NA,NA,82.01,917.23,NA
2021-05-01 00:00:00,57.37,89.74,7.54,17.24,24.78,4.17,4.82,0.41,26.85,0.72,19.35,NA,NA,11.19,10.84,NA,58.08,NA,NA,NA,NA,92.18,917.35,NA
2021-05-02 00:00:00,42.10,60.52,6.56,15.23,21.79,3.91,4.67,0.06,27.14,0.42,7.91,NA,NA,3.43,3.74,NA,62.92,NA,NA,NA,NA,76.98,918.20,NA
2021-05-03 00:00:00,37.90,62.68,6.97,16.73,23.70,4.18,5.44,0.06,21.54,0.82,29.67,NA,NA,76.63,34.83,NA,64.74,NA,NA,NA,NA,62.18,918.66,NA
2021-05-04 00:00:00,40.92,65.53,6.84,17.02,23.85,3.92,4.25,0.06,24.22,0.79,29.11,NA,NA,5.38,6.15,NA,72.12,NA,NA,NA,NA,48.90,921.09,NA
2021-05-05 00:00:00,42.99,72.23,7.20,17.09,24.28,4.43,4.72,0.06,26.60,0.84,31.00,NA,NA,5.71,5.68,NA,62.08,NA,NA,NA,NA,88.86,917.83,NA
2021-05-06 00:00:00,38.83,61.13,6.63,15.87,22.50,4.17,5.34,0.06,25.22,0.56,28.90,NA,NA,2.77,3.22,NA,62.46,NA,NA,NA,NA,85.10,918.15,NA
2021-05-07 00:00:00,35.54,54.46,6.97,16.75,23.72,4.37,5.85,0.32,20.57,0.87,28.21,NA,NA,350.16,261.00,NA,62.28,NA,NA,NA,NA,66.10,918.55,NA
2021-05-08 00:00:00,32.32,52.08,6.45,15.44,21.90,4.29,5.01,0.55,23.72,0.60,30.10,NA,NA,133.20,41.22,NA,65.66,NA,NA,NA,NA,72.87,918.97,NA
2021-05-09 00:00:00,26.47,42.23,6.22,14.70,20.92,4.46,6.14,0.56,23.45,0.44,10.86,NA,NA,5.63,5.16,NA,59.50,NA,NA,NA,NA,78.72,917.38,NA
2021-05-10 00:00:00,26.87,40.26,5.87,14.04,19.91,4.06,6.42,0.53,24.85,0.38,5.33,NA,NA,1.86,2.54,NA,68.79,NA,NA,NA,NA,70.24,920.04,NA
2021-05-11 00:00:00,29.11,48.93,5.96,14.46,20.42,4.04,4.66,0.57,24.47,0.51,5.73,NA,NA,1.86,3.03,NA,73.23,NA,NA,NA,NA,70.51,920.79,NA
2021-05-12 00:00:00,22.91,46.18,6.04,14.16,20.20,4.33,4.97,0.56,22.12,0.49,5.12,NA,NA,2.72,5.07,NA,77.86,NA,NA,NA,NA,61.94,922.90,NA
2021-05-13 00:00:00,15.47,29.99,6.09,14.62,20.71,4.53,4.39,0.56,23.04,0.45,5.32,NA,NA,2.91,5.70,NA,70.79,NA,NA,NA,NA,124.31,922.96,NA
2021-05-14 00:00:00,16.23,26.05,5.57,13.10,18.67,4.17,5.58,0.52,25.33,0.37,3.90,NA,NA,0.74,1.36,NA,63.62,NA,NA,NA,NA,116.17,920.85,NA
2021-05-15 00:00:00,11.88,15.01,4.74,11.11,15.86,3.42,4.86,0.42,28.07,0.18,1.99,NA,NA,0.61,0.66,NA,79.00,NA,NA,NA,NA,77.82,922.37,NA
2021-05-16 00:00:00,10.44,14.21,4.70,11.37,16.06,3.36,4.54,0.45,25.71,0.16,0.94,NA,NA,0.16,0.28,NA,86.73,NA,NA,NA,NA,77.62,924.40,NA
2021-05-17 00:00:00,12.05,22.50,5.08,11.91,17.00,3.83,3.75,0.44,23.63,0.21,1.89,NA,NA,0.45,0.86,NA,78.67,NA,NA,NA,NA,109.61,922.42,NA
2021-05-18 00:00:00,14.77,25.21,5.07,11.83,16.90,3.90,5.17,0.44,20.66,0.21,2.96,NA,NA,1.16,1.27,NA,79.09,NA,NA,NA,NA,116.26,923.09,NA
2021-05-19 00:00:00,12.73,23.37,4.99,11.30,16.29,3.93,5.20,0.44,22.19,0.23,3.42,NA,NA,2.12,2.11,NA,77.92,NA,NA,NA,NA,105.11,922.35,NA
2021-05-20 00:00:00,14.88,24.16,5.00,11.77,16.77,4.01,4.32,0.44,19.87,0.43,7.01,NA,NA,7.15,8.26,NA,82.48,NA,NA,NA,NA,87.93,923.21,NA
2021-05-21 00:00:00,14.10,23.63,5.15,12.21,17.36,4.15,4.48,0.48,15.76,0.35,6.49,NA,NA,5.59,6.10,NA,84.04,NA,NA,NA,NA,70.28,926.22,NA
2021-05-22 00:00:00,15.81,27.76,5.62,13.16,18.78,4.27,4.73,0.49,19.46,0.40,9.54,NA,NA,28.75,10.46,NA,80.81,NA,NA,NA,NA,73.13,922.95,NA
2021-05-23 00:00:00,17.75,31.55,5.51,12.83,18.34,4.19,5.44,0.48,22.14,0.30,2.15,NA,NA,3.08,7.99,NA,70.51,NA,NA,NA,NA,96.99,922.06,NA
2021-05-24 00:00:00,22.23,51.21,5.50,12.60,18.10,4.27,4.02,0.48,22.65,0.30,1.94,NA,NA,2.92,7.42,NA,70.62,NA,NA,NA,NA,83.86,920.38,NA
2021-05-25 00:00:00,22.65,35.71,5.67,12.98,18.66,4.29,4.63,0.47,22.13,0.29,1.99,NA,NA,1.31,3.38,NA,91.92,NA,NA,NA,NA,24.72,925.74,NA
2021-05-26 00:00:00,30.02,66.86,5.51,13.97,19.48,4.02,4.78,0.46,25.09,0.55,11.85,NA,NA,11.30,14.61,NA,64.31,NA,NA,NA,NA,110.18,918.74,NA
2021-05-27 00:00:00,27.69,58.14,5.44,14.22,19.67,3.97,6.84,0.47,23.64,0.64,7.71,NA,NA,32.51,20.19,NA,69.70,NA,NA,NA,NA,88.95,920.16,NA
2021-05-28 00:00:00,29.20,64.99,5.63,13.97,19.60,4.30,5.90,0.48,22.91,0.65,13.25,NA,NA,32.91,16.44,NA,68.10,NA,NA,NA,NA,76.68,919.47,NA
2021-05-29 00:00:00,19.83,43.75,5.51,13.47,18.78,4.20,5.80,0.46,24.11,0.34,7.76,NA,NA,6.20,6.20,NA,73.01,NA,NA,NA,NA,87.61,921.36,NA
2021-05-30 00:00:00,13.68,26.47,5.27,12.64,17.91,4.09,5.40,0.43,23.81,0.49,2.69,NA,NA,2.38,4.54,NA,70.92,NA,NA,NA,NA,73.35,920.09,NA
2021-05-31 00:00:00,16.11,34.04,5.56,13.94,19.50,4.07,5.67,0.45,23.41,0.27,5.11,NA,NA,4.26,4.09,NA,71.21,NA,NA,NA,NA,74.16,920.18,NA
2021-06-01 00:00:00,16.41,33.08,5.26,12.94,18.20,4.04,5.87,0.46,22.65,0.39,9.08,NA,NA,6.83,6.10,NA,71.99,NA,NA,NA,NA,70.83,920.78,NA
2021-06-02 00:00:00,19.26,37.25,5.76,14.47,20.23,4.06,5.97,0.52,20.29,0.61,20.46,NA,NA,117.67,69.06,NA,76.38,NA,NA,NA,NA,51.45,921.41,NA
2021-06-03 00:00:00,17.22,36.67,6.07,15.31,21.15,4.17,4.77,0.58,18.30,0.71,26.66,NA,NA,70.69,31.74,NA,80.70,NA,NA,NA,NA,52.79,922.93,NA
2021-06-04 00:00:00,16.72,29.36,6.16,14.76,20.93,4.67,4.87,0.53,26.15,0.61,20.45,NA,NA,87.17,16.80,NA,74.96,NA,NA,NA,NA,66.91,925.69,NA
2021-06-05 00:00:00,13.88,19.94,5.73,14.51,20.24,4.00,5.43,0.49,53.71,0.35,6.90,NA,NA,5.39,6.28,NA,83.73,NA,NA,NA,NA,94.58,925.06,NA
2021-06-06 00:00:00,9.70,15.12,5.36,14.01,19.37,3.88,3.99,0.43,55.10,0.19,2.25,NA,NA,1.39,2.00,NA,75.31,NA,NA,NA,NA,99.36,922.31,NA
2021-06-07 00:00:00,19.02,36.54,5.99,15.99,21.96,3.65,4.96,0.52,58.87,0.63,16.38,NA,NA,101.12,60.79,NA,70.52,NA,NA,NA,NA,79.86,921.31,NA
2021-06-08 00:00:00,28.67,55.58,5.98,16.08,22.07,3.50,4.55,0.51,57.62,0.74,14.92,NA,NA,19.71,23.71,NA,66.47,NA,NA,NA,NA,79.92,919.83,NA
2021-06-09 00:00:00,20.81,41.00,6.01,15.76,21.77,3.37,4.72,0.50,53.33,0.74,13.91,NA,NA,16.65,20.24,NA,76.94,NA,NA,NA,NA,54.35,922.78,NA
2021-06-10 00:00:00,16.17,29.55,6.06,15.68,21.74,3.44,5.23,0.47,54.04,0.72,10.93,NA,NA,15.89,21.48,NA,79.38,NA,NA,NA,NA,64.67,923.06,NA
2021-06-11 00:00:00,18.48,40.17,6.04,15.72,21.76,3.28,4.95,0.48,51.02,0.82,10.09,NA,NA,9.22,11.83,NA,73.50,NA,NA,NA,NA,72.61,921.68,NA
2021-06-12 00:00:00,17.45,29.06,5.76,15.32,21.08,3.24,5.63,0.46,45.23,0.60,5.90,NA,NA,6.47,6.70,NA,81.55,NA,NA,NA,NA,55.35,923.37,NA
2021-06-13 00:00:00,13.04,18.32,5.31,14.50,19.81,3.02,4.21,0.42,40.01,0.24,2.35,NA,NA,3.12,4.57,NA,83.36,NA,NA,NA,NA,50.28,923.83,NA
2021-06-14 00:00:00,12.54,27.06,5.99,18.10,23.84,2.36,5.60,0.47,21.85,0.67,6.45,NA,NA,2.56,2.93,NA,84.36,NA,NA,NA,NA,49.01,924.47,NA
2021-06-15 00:00:00,19.39,48.43,5.75,17.61,23.36,2.51,5.10,0.51,20.12,0.79,11.62,NA,NA,3.68,3.89,NA,83.80,NA,NA,NA,NA,53.79,924.67,NA
2021-06-16 00:00:00,25.44,60.65,5.85,14.94,20.79,3.79,4.69,0.47,19.82,0.93,13.48,NA,NA,5.11,5.38,NA,86.44,NA,NA,NA,NA,58.69,925.52,NA
2021-06-17 00:00:00,24.79,70.31,5.71,14.02,19.73,3.86,4.82,0.47,21.60,0.59,10.84,NA,NA,5.03,4.88,NA,76.67,NA,NA,NA,NA,81.60,923.72,NA
2021-06-18 00:00:00,29.30,81.91,6.04,14.85,20.89,4.29,6.03,0.45,21.51,0.48,8.78,NA,NA,2.13,2.49,NA,77.30,NA,NA,NA,NA,62.77,923.63,NA
2021-06-19 00:00:00,29.60,85.60,5.66,14.03,19.69,3.99,4.91,0.48,22.28,0.65,6.85,NA,NA,4.72,5.35,NA,79.18,NA,NA,NA,NA,57.10,922.04,NA
2021-06-20 00:00:00,27.22,72.31,5.22,12.57,17.79,3.74,4.68,0.40,23.28,0.49,3.44,NA,NA,5.79,11.32,NA,71.26,NA,NA,NA,NA,72.83,922.31,NA
2021-06-21 00:00:00,26.12,62.50,5.90,14.78,20.68,3.96,5.15,0.50,22.47,0.82,12.38,NA,NA,7.92,12.42,NA,76.81,NA,NA,NA,NA,71.69,922.51,NA
2021-06-22 00:00:00,35.73,90.20,6.76,16.52,23.28,3.62,5.29,0.52,21.11,2.17,20.41,NA,NA,16.13,21.10,NA,75.92,NA,NA,NA,NA,71.37,921.48,NA
2021-06-23 00:00:00,33.47,93.31,6.84,16.29,23.13,3.73,5.07,0.53,21.60,1.66,20.89,NA,NA,35.79,40.53,NA,72.11,NA,NA,NA,NA,53.28,920.66,NA
2021-06-24 00:00:00,35.23,88.07,6.36,15.22,21.58,3.63,5.58,0.50,NA,1.12,17.67,NA,NA,26.99,16.74,NA,70.77,NA,NA,NA,NA,62.67,920.27,NA
2021-06-25 00:00:00,37.65,97.81,6.79,16.34,23.13,3.66,5.51,0.51,NA,1.05,18.22,NA,NA,9.84,13.45,NA,68.84,NA,NA,NA,NA,73.38,919.44,NA
2021-06-26 00:00:00,25.23,63.61,6.41,15.48,21.89,3.71,4.94,0.50,NA,0.99,7.89,NA,NA,11.52,16.56,NA,78.17,NA,NA,NA,NA,39.37,923.34,NA
2021-06-27 00:00:00,17.79,36.60,5.89,13.62,19.50,3.95,5.07,0.45,NA,0.43,2.92,NA,NA,3.89,8.47,NA,83.54,NA,NA,NA,NA,54.97,925.27,NA
2021-06-28 00:00:00,22.74,64.58,6.99,17.72,24.71,3.78,6.15,0.60,NA,1.02,28.08,NA,NA,23.67,10.66,NA,75.90,NA,NA,NA,NA,61.87,921.62,NA
2021-06-29 00:00:00,16.79,61.70,6.96,17.14,24.09,4.06,4.42,0.64,NA,1.02,21.56,NA,NA,9.94,11.10,NA,70.83,NA,NA,NA,NA,80.57,920.27,NA
2021-06-30 00:00:00,18.42,58.76,7.04,17.51,24.56,3.66,4.91,0.56,NA,1.15,18.41,NA,NA,74.10,37.58,NA,67.23,NA,NA,NA,NA,59.50,920.04,NA
2021-07-01 00:00:00,28.71,51.69,6.61,15.89,22.51,3.85,5.84,0.55,NA,0.90,19.11,NA,NA,12.63,17.68,NA,75.79,NA,NA,NA,NA,46.70,921.78,NA
2021-07-02 00:00:00,28.44,46.44,6.37,15.20,21.57,3.84,6.13,0.50,NA,0.67,28.23,NA,NA,104.26,34.42,NA,72.48,NA,NA,NA,NA,69.45,921.07,NA
2021-07-03 00:00:00,28.43,54.93,6.31,14.92,21.22,3.84,6.24,0.55,NA,0.80,32.59,NA,NA,140.42,69.47,NA,68.25,NA,NA,NA,NA,62.72,920.04,NA
2021-07-04 00:00:00,28.35,31.83,5.82,13.24,19.06,3.91,5.47,0.46,NA,0.41,12.69,NA,NA,9.95,11.85,NA,74.50,NA,NA,NA,NA,56.08,922.87,NA
2021-07-05 00:00:00,28.14,45.80,6.71,16.72,23.43,3.79,4.39,0.49,NA,0.34,11.06,NA,NA,12.26,11.21,NA,70.25,NA,NA,NA,NA,102.01,923.80,NA
2021-07-06 00:00:00,28.41,63.02,7.64,19.49,27.13,3.78,5.33,0.67,NA,1.13,19.52,NA,NA,261.23,201.78,NA,76.60,NA,NA,NA,NA,81.52,923.75,NA
2021-07-07 00:00:00,28.40,64.71,7.62,19.53,27.15,3.62,4.47,0.67,NA,1.52,55.30,NA,NA,376.67,247.93,NA,82.83,NA,NA,NA,NA,34.22,923.95,NA
2021-07-08 00:00:00,28.37,51.39,7.93,20.53,28.45,3.68,5.74,0.59,NA,1.27,29.85,NA,NA,176.66,166.87,NA,81.80,NA,NA,NA,NA,69.58,924.23,NA
2021-07-09 00:00:00,28.40,48.50,7.16,18.27,25.43,3.36,4.80,0.54,NA,1.22,46.98,NA,NA,313.71,234.87,NA,83.15,NA,NA,NA,NA,53.28,924.52,NA
2021-07-10 00:00:00,28.25,36.16,6.76,17.28,24.04,3.40,5.46,NA,NA,0.70,25.24,NA,NA,17.17,18.03,NA,86.89,NA,NA,NA,NA,61.49,925.52,NA
2021-07-11 00:00:00,27.69,32.65,5.70,14.29,19.99,3.14,5.21,NA,NA,0.46,6.83,NA,NA,5.25,9.04,NA,81.63,NA,NA,NA,NA,55.71,923.51,NA
2021-07-12 00:00:00,29.11,55.63,6.42,16.03,22.45,3.13,4.32,0.53,NA,0.70,18.82,NA,NA,44.16,17.09,NA,80.44,NA,NA,NA,NA,65.20,923.26,NA
2021-07-13 00:00:00,24.44,50.14,6.61,15.65,22.26,3.75,4.86,0.51,NA,0.77,26.66,NA,NA,36.34,18.08,NA,89.63,NA,NA,NA,NA,45.10,925.98,NA
2021-07-14 00:00:00,16.63,42.94,6.67,15.31,21.99,4.06,4.69,0.57,NA,1.28,29.71,NA,NA,229.79,142.62,NA,94.02,NA,NA,NA,NA,43.39,927.14,NA
2021-07-15 00:00:00,16.23,41.02,6.28,15.52,21.80,3.72,4.80,0.53,NA,0.71,22.20,NA,NA,11.89,10.78,NA,89.58,NA,NA,NA,NA,55.12,926.66,NA
2021-07-16 00:00:00,11.44,39.37,8.20,22.45,30.64,3.97,4.63,0.50,NA,0.51,8.32,NA,NA,4.48,5.12,NA,83.44,NA,NA,NA,NA,68.39,926.53,NA
2021-07-17 00:00:00,24.35,49.77,11.10,34.24,45.33,1.95,4.90,0.90,14.49,0.95,29.92,NA,NA,100.66,109.68,NA,76.46,NA,NA,NA,NA,64.37,925.77,NA
2021-07-18 00:00:00,NA,26.85,7.89,27.99,35.88,0.82,1.77,0.57,70.03,0.56,21.79,NA,NA,13.47,15.31,NA,90.99,NA,NA,NA,NA,43.08,927.69,NA
2021-07-19 00:00:00,11.49,46.15,8.27,25.97,34.24,1.12,1.74,0.66,63.07,1.74,12.76,NA,NA,77.33,56.49,NA,84.39,NA,NA,NA,NA,78.79,925.84,NA
2021-07-20 00:00:00,11.45,49.06,7.52,23.54,31.06,1.55,1.60,0.67,73.53,0.28,5.53,NA,NA,3.88,3.59,NA,79.93,NA,NA,NA,NA,86.07,924.70,NA
2021-07-21 00:00:00,13.01,56.98,7.83,24.41,32.24,1.54,1.48,0.67,79.90,0.24,4.45,NA,NA,2.77,2.34,NA,91.23,NA,NA,NA,NA,35.23,927.05,NA
2021-07-22 00:00:00,29.21,53.28,7.93,23.19,31.11,1.85,1.38,0.69,37.44,0.40,6.99,NA,NA,51.37,8.39,NA,92.55,NA,NA,NA,NA,32.90,927.52,NA
2021-07-23 00:00:00,21.55,54.26,7.61,20.14,27.75,2.65,1.71,NA,40.40,0.30,4.32,NA,NA,2.35,1.90,NA,93.67,NA,NA,NA,NA,48.38,927.44,NA
2021-07-24 00:00:00,20.48,60.27,8.05,20.81,28.86,2.74,1.62,NA,35.81,0.28,4.75,NA,NA,3.63,3.31,NA,77.94,NA,NA,NA,NA,77.54,926.69,NA
2021-07-25 00:00:00,20.64,40.62,6.94,16.14,23.07,3.37,1.64,NA,40.97,0.12,3.63,NA,NA,2.34,2.03,NA,77.06,NA,NA,NA,NA,86.75,925.77,NA
2021-07-26 00:00:00,21.44,34.22,6.77,18.21,24.98,2.55,1.56,NA,75.69,0.18,3.30,NA,NA,2.24,2.34,NA,77.66,NA,NA,NA,NA,95.64,924.32,NA
2021-07-27 00:00:00,21.45,60.28,7.20,19.49,26.69,2.37,1.34,NA,35.77,0.55,7.24,NA,NA,4.14,3.45,NA,76.95,NA,NA,NA,NA,91.30,923.45,NA
2021-07-28 00:00:00,26.25,57.34,7.16,20.25,27.41,2.09,1.80,NA,38.74,0.27,5.33,NA,NA,3.25,2.67,NA,76.60,NA,NA,NA,NA,90.71,922.82,NA
2021-07-29 00:00:00,27.29,67.34,6.85,18.49,25.34,2.44,1.71,NA,39.06,0.35,6.60,NA,NA,108.78,77.45,NA,78.81,NA,NA,NA,NA,66.87,923.37,NA
2021-07-30 00:00:00,28.57,57.65,6.62,17.05,23.67,2.83,1.55,NA,39.27,0.46,7.30,NA,NA,6.44,6.12,NA,80.73,NA,NA,NA,NA,69.55,923.76,NA
2021-07-31 00:00:00,29.88,67.03,6.89,18.19,25.08,2.63,1.79,NA,38.45,0.49,6.99,NA,NA,160.64,140.63,NA,75.52,NA,NA,NA,NA,69.01,923.17,NA
2021-08-01 00:00:00,29.88,49.08,6.21,15.94,22.15,2.86,1.95,NA,39.49,0.32,5.32,NA,NA,4.64,5.14,NA,78.68,NA,NA,NA,NA,55.01,923.61,NA
2021-08-02 00:00:00,29.87,59.04,5.90,14.75,20.65,3.06,1.86,NA,40.43,0.24,4.26,NA,NA,2.70,3.10,NA,78.45,NA,NA,NA,NA,80.35,922.95,NA
2021-08-03 00:00:00,NA,NA,5.84,14.63,20.47,3.07,1.82,NA,NA,NA,NA,NA,NA,NA,NA,NA,83.94,NA,NA,NA,NA,72.61,923.92,NA
2021-08-04 00:00:00,29.89,50.95,6.07,15.18,21.25,3.06,1.90,NA,33.14,0.32,4.75,NA,NA,2.45,2.90,NA,84.26,NA,NA,NA,NA,60.19,924.22,NA
2021-08-05 00:00:00,29.88,56.19,6.59,16.81,23.39,2.74,1.83,NA,35.62,0.34,6.12,NA,NA,3.95,3.80,NA,86.91,NA,NA,NA,NA,59.88,924.84,NA
2021-08-06 00:00:00,30.19,48.81,6.15,15.36,21.52,2.88,1.58,NA,36.10,0.20,4.69,NA,NA,2.80,2.29,NA,75.36,NA,NA,NA,NA,98.88,923.79,NA
2021-08-07 00:00:00,30.79,52.54,6.23,15.76,21.99,2.94,1.29,NA,29.38,0.37,7.68,NA,NA,61.85,7.52,NA,69.88,NA,NA,NA,NA,115.31,923.39,NA
2021-08-08 00:00:00,30.79,50.53,6.39,15.09,21.48,3.77,1.69,NA,32.30,0.19,3.04,NA,NA,2.20,2.20,NA,74.71,NA,NA,NA,NA,100.20,921.96,NA
2021-08-09 00:00:00,30.79,51.27,6.91,16.78,23.19,2.82,2.11,0.00,30.65,0.28,5.13,NA,NA,136.44,104.44,NA,72.32,NA,NA,NA,NA,112.45,921.26,NA
2021-08-10 00:00:00,35.21,53.72,6.06,14.53,20.58,2.60,1.70,NA,35.81,0.36,6.96,NA,NA,6.96,6.18,NA,85.25,NA,NA,NA,NA,48.99,922.38,NA
2021-08-11 00:00:00,36.04,75.59,6.28,14.77,21.04,2.99,2.24,NA,33.54,0.26,4.46,NA,NA,22.44,4.42,NA,78.25,NA,NA,NA,NA,73.10,921.31,NA
2021-08-12 00:00:00,36.79,60.71,6.00,13.73,19.73,2.94,1.80,NA,35.78,0.24,5.62,NA,NA,5.37,4.87,NA,87.76,NA,NA,NA,NA,45.58,922.69,NA
2021-08-13 00:00:00,35.47,68.85,6.11,14.23,20.33,2.87,1.70,NA,35.01,0.23,4.20,NA,NA,95.61,74.64,NA,78.32,NA,NA,NA,NA,84.30,921.94,NA
2021-08-14 00:00:00,33.79,69.08,5.80,12.90,18.71,3.08,1.86,NA,36.48,0.42,5.83,NA,NA,5.33,5.53,NA,82.54,NA,NA,NA,NA,66.95,920.73,NA
2021-08-15 00:00:00,33.79,60.11,5.38,11.51,16.90,3.13,2.29,NA,37.37,0.25,2.75,NA,NA,1.57,1.45,NA,82.26,NA,NA,NA,NA,75.94,920.67,NA
2021-08-16 00:00:00,39.25,66.72,6.19,14.00,20.18,3.11,1.65,NA,33.43,0.58,6.23,NA,NA,50.83,5.89,NA,82.27,NA,NA,NA,NA,56.09,922.18,NA
2021-08-17 00:00:00,43.79,69.95,6.54,14.59,21.13,3.17,1.90,NA,30.36,0.47,8.79,NA,NA,189.76,96.59,NA,79.23,NA,NA,NA,NA,70.62,922.26,NA
2021-08-18 00:00:00,39.55,63.97,5.92,13.00,18.92,3.27,1.82,NA,34.10,0.35,6.05,NA,NA,4.92,4.33,NA,79.40,NA,NA,NA,NA,72.65,921.12,NA
2021-08-19 00:00:00,34.08,55.70,5.68,12.41,18.10,3.25,1.75,NA,33.29,0.37,5.23,NA,NA,3.79,4.02,NA,82.16,NA,NA,NA,NA,99.58,922.02,NA
2021-08-20 00:00:00,30.79,74.35,5.98,13.76,19.74,3.13,2.10,NA,29.59,0.43,10.13,NA,NA,232.46,197.03,NA,76.15,NA,NA,NA,NA,85.19,921.46,NA
2021-08-21 00:00:00,28.16,73.04,6.59,15.24,21.83,3.05,1.78,NA,20.01,0.43,6.67,NA,NA,233.69,180.96,NA,87.34,NA,NA,NA,NA,51.01,924.06,NA
2021-08-22 00:00:00,25.79,56.29,6.52,15.20,21.73,3.14,2.07,NA,26.36,0.20,3.44,NA,NA,2.77,2.77,NA,78.30,NA,NA,NA,NA,111.88,921.96,NA
2021-08-23 00:00:00,27.73,53.90,6.10,13.47,19.57,3.56,2.05,NA,29.78,0.23,3.88,NA,NA,2.86,2.52,NA,78.95,NA,NA,NA,NA,86.01,921.85,NA
2021-08-24 00:00:00,30.79,59.88,6.42,14.18,20.60,3.56,1.75,NA,28.31,0.30,5.24,NA,NA,58.39,25.82,NA,71.79,NA,NA,NA,NA,122.36,920.24,NA
2021-08-25 00:00:00,30.79,59.38,6.18,13.45,19.63,3.39,1.89,NA,26.51,0.35,7.46,NA,NA,191.97,170.96,NA,76.70,NA,NA,NA,NA,97.71,921.21,NA
2021-08-26 00:00:00,24.96,47.56,7.27,15.90,23.35,3.31,1.72,0.90,21.60,0.34,6.67,NA,NA,253.49,171.09,NA,80.06,NA,NA,NA,NA,101.21,921.92,NA
2021-08-27 00:00:00,21.82,47.17,7.24,15.03,22.77,3.83,1.83,0.89,22.71,0.35,4.32,NA,NA,153.08,131.63,NA,84.21,NA,NA,NA,NA,95.10,923.47,NA
2021-08-28 00:00:00,19.41,52.17,6.83,14.38,21.71,3.83,2.06,0.83,29.00,0.32,4.60,NA,NA,3.72,3.45,NA,78.15,NA,NA,NA,NA,74.23,922.92,NA
2021-08-29 00:00:00,20.75,36.26,5.89,12.10,18.49,3.70,1.70,0.76,33.01,0.11,1.36,NA,NA,0.68,0.80,NA,81.46,NA,NA,NA,NA,71.51,922.65,NA
2021-08-30 00:00:00,15.06,55.70,6.45,13.43,20.38,3.97,1.66,0.82,35.12,0.31,4.29,NA,NA,3.41,3.74,NA,86.38,NA,NA,NA,NA,73.81,921.55,NA
2021-08-31 00:00:00,21.86,74.68,6.73,13.84,21.08,4.56,1.91,0.83,30.40,0.35,5.41,NA,NA,118.75,98.12,NA,74.09,NA,NA,NA,NA,118.50,919.64,NA
2021-09-01 00:00:00,28.46,68.90,6.82,13.93,21.25,4.55,1.89,0.81,29.78,0.32,5.26,NA,NA,4.47,4.24,NA,76.52,NA,NA,NA,NA,117.91,918.87,NA
2021-09-02 00:00:00,20.78,62.60,7.08,14.89,22.48,4.33,1.68,0.82,29.67,0.27,3.58,NA,NA,3.58,3.82,NA,84.44,NA,NA,NA,NA,61.17,922.03,NA
2021-09-03 00:00:00,19.99,46.12,7.59,17.36,25.45,3.93,1.79,0.79,56.32,0.24,4.25,NA,NA,3.87,4.12,NA,84.66,NA,NA,NA,NA,79.18,923.22,NA
2021-09-04 00:00:00,20.49,50.12,7.17,16.96,24.63,3.65,1.68,0.80,53.78,0.31,4.73,NA,NA,3.24,3.84,NA,86.50,NA,NA,NA,NA,47.96,923.15,NA
2021-09-05 00:00:00,14.76,37.59,6.77,15.96,23.23,3.57,1.76,0.73,53.25,0.18,4.01,NA,NA,0.72,0.87,NA,87.69,NA,NA,NA,NA,62.91,923.22,NA
2021-09-06 00:00:00,13.82,37.23,6.87,16.06,23.43,3.58,1.68,0.77,55.48,0.30,4.81,NA,NA,25.51,25.81,NA,81.88,NA,NA,NA,NA,85.68,922.38,NA
2021-09-07 00:00:00,17.38,51.06,6.71,14.68,21.90,3.78,1.73,0.82,31.61,0.23,3.47,NA,NA,1.42,1.52,NA,85.41,NA,NA,NA,NA,67.18,923.03,NA
2021-09-08 00:00:00,18.98,57.72,6.89,14.71,22.11,4.04,1.66,0.83,25.59,0.30,4.46,NA,NA,2.53,2.50,NA,77.47,NA,NA,NA,NA,91.59,921.32,NA
2021-09-09 00:00:00,22.22,68.71,6.70,14.42,21.61,4.21,1.64,0.81,25.92,0.31,5.70,NA,NA,3.33,3.29,NA,74.55,NA,NA,NA,NA,97.29,919.96,NA
2021-09-10 00:00:00,40.99,56.11,6.35,12.93,19.77,4.31,1.77,0.74,27.29,0.16,2.28,NA,NA,1.10,1.26,NA,74.69,NA,NA,NA,NA,92.16,919.56,NA
2021-09-11 00:00:00,NA,62.57,6.25,13.06,19.81,4.05,1.81,0.76,28.02,0.16,2.72,NA,NA,0.83,0.84,NA,83.27,NA,NA,NA,NA,73.04,921.67,NA
2021-09-12 00:00:00,NA,46.88,5.55,11.38,17.43,3.84,1.57,0.71,29.30,0.13,1.96,NA,NA,1.02,0.93,NA,76.78,NA,NA,NA,NA,80.49,921.52,NA
2021-09-13 00:00:00,NA,50.82,5.50,11.65,17.64,3.68,1.53,0.73,29.03,0.15,2.00,NA,NA,0.52,0.53,NA,87.66,NA,NA,NA,NA,69.34,922.89,NA
2021-09-14 00:00:00,24.62,130.39,6.33,13.53,20.36,3.77,1.64,0.85,22.13,0.13,2.14,NA,NA,0.75,0.83,NA,72.16,NA,NA,NA,NA,105.37,917.10,NA
2021-09-15 00:00:00,31.56,70.47,7.03,14.95,22.48,4.02,2.10,0.90,24.52,0.00,0.50,NA,NA,NA,NA,NA,79.01,NA,NA,NA,NA,87.79,920.93,NA
2021-09-16 00:00:00,30.24,73.73,6.95,14.76,22.20,4.29,1.69,0.88,23.13,0.19,0.50,NA,NA,0.31,NA,NA,75.80,NA,NA,NA,NA,113.44,919.18,NA
2021-09-17 00:00:00,37.19,75.06,7.18,14.87,22.55,4.37,1.93,0.88,20.40,0.50,0.50,NA,NA,0.80,NA,NA,75.71,NA,NA,NA,NA,139.04,919.14,NA
2021-09-18 00:00:00,31.53,77.54,7.73,16.03,24.26,4.72,1.84,0.87,19.35,0.56,1.98,NA,NA,2.23,1.50,NA,68.51,NA,NA,NA,NA,140.03,917.03,NA
2021-09-19 00:00:00,33.11,63.51,6.95,14.18,21.62,4.89,1.47,0.79,21.33,0.53,1.01,NA,NA,1.73,1.07,NA,69.60,NA,NA,NA,NA,92.18,917.04,NA
2021-09-20 00:00:00,38.90,73.43,8.04,17.12,25.66,4.66,1.68,1.05,20.55,NA,NA,NA,NA,NA,NA,NA,79.58,NA,NA,NA,NA,75.87,920.74,NA
2021-09-21 00:00:00,26.08,45.37,7.29,14.60,22.39,4.73,1.64,0.87,19.73,NA,NA,NA,NA,NA,NA,NA,73.39,NA,NA,NA,NA,117.99,922.22,NA
2021-09-22 00:00:00,18.62,43.19,6.45,13.27,20.23,4.49,1.70,0.83,22.47,NA,NA,NA,NA,NA,NA,NA,75.04,NA,NA,NA,NA,96.23,921.09,NA
2021-09-23 00:00:00,25.85,49.51,6.59,13.46,20.55,4.38,1.88,0.81,22.75,NA,NA,NA,NA,NA,NA,NA,80.56,NA,NA,NA,NA,78.11,920.98,NA
2021-09-24 00:00:00,27.52,58.71,7.67,15.79,23.96,4.40,1.68,0.97,19.28,NA,NA,NA,NA,NA,NA,NA,78.17,NA,NA,NA,NA,71.55,919.69,NA
2021-09-25 00:00:00,39.23,59.70,6.91,14.06,21.47,4.51,1.86,0.85,20.77,NA,NA,NA,NA,NA,NA,NA,79.00,NA,NA,NA,NA,108.73,921.21,NA
2021-09-26 00:00:00,22.45,38.97,6.77,14.76,22.04,4.00,1.83,0.70,44.48,NA,NA,NA,NA,NA,NA,NA,77.40,NA,NA,NA,NA,73.29,922.41,NA
2021-09-27 00:00:00,18.16,34.26,6.35,13.06,19.91,4.16,1.72,0.82,24.35,NA,NA,NA,NA,NA,NA,NA,81.76,NA,NA,NA,NA,87.83,922.99,NA
2021-09-28 00:00:00,24.32,54.58,6.52,13.61,20.63,4.16,1.78,0.84,25.25,NA,NA,NA,NA,NA,NA,NA,81.67,NA,NA,NA,NA,71.03,922.39,NA
2021-09-29 00:00:00,30.89,62.34,6.38,12.88,19.76,4.43,1.57,0.85,23.15,NA,NA,NA,NA,NA,NA,NA,74.18,NA,NA,NA,NA,112.78,921.74,NA
2021-09-30 00:00:00,32.25,68.12,7.62,15.93,24.05,4.45,1.89,1.05,19.04,NA,NA,NA,NA,NA,NA,NA,79.02,NA,NA,NA,NA,63.00,922.20,NA
2021-10-01 00:00:00,38.01,65.14,7.53,15.19,23.22,5.01,1.51,0.97,17.19,NA,NA,NA,NA,NA,NA,NA,80.42,NA,NA,NA,NA,95.06,922.58,NA
2021-10-02 00:00:00,44.06,58.29,7.17,13.95,21.62,5.34,1.68,0.91,14.42,NA,NA,NA,NA,NA,NA,NA,80.12,NA,NA,NA,NA,90.25,921.89,NA
2021-10-03 00:00:00,18.09,37.49,6.60,12.60,19.70,4.81,1.80,0.86,23.08,NA,NA,NA,NA,NA,NA,NA,82.12,NA,NA,NA,NA,81.05,923.11,NA
2021-10-04 00:00:00,27.23,50.62,8.32,18.44,27.26,4.94,1.68,0.97,46.65,NA,NA,NA,NA,NA,NA,NA,73.71,NA,NA,NA,NA,58.99,922.44,NA
2021-10-05 00:00:00,39.00,68.72,8.87,20.59,29.95,3.86,1.62,0.99,46.78,NA,NA,NA,NA,NA,NA,NA,77.77,NA,NA,NA,NA,53.30,922.28,NA
2021-10-06 00:00:00,37.14,58.55,8.30,18.76,27.56,3.42,1.45,0.90,54.28,NA,NA,NA,NA,NA,NA,NA,NA,NA,NA,NA,NA,0.91,927.18,NA
2021-10-07 00:00:00,NA,NA,NA,NA,NA,NA,NA,NA,NA,NA,NA,NA,NA,NA,NA,NA,NA,NA,NA,NA,NA,NA,NA,NA
2021-10-08 00:00:00,NA,NA,NA,NA,NA,NA,NA,NA,NA,NA,NA,NA,NA,NA,NA,NA,NA,NA,NA,NA,NA,NA,NA,NA
2021-10-09 00:00:00,NA,NA,NA,NA,NA,NA,NA,NA,NA,NA,NA,NA,NA,NA,NA,NA,NA,NA,NA,NA,NA,NA,NA,NA
2021-10-10 00:00:00,NA,NA,NA,NA,NA,NA,NA,NA,NA,NA,NA,NA,NA,NA,NA,NA,NA,NA,NA,NA,NA,NA,NA,NA
2021-10-11 00:00:00,29.80,NA,213.31,295.24,81.19,2.38,1.71,1.02,10.32,0.51,0.50,NA,NA,0.80,NA,NA,84.24,NA,NA,NA,NA,63.00,923.19,NA
2021-10-12 00:00:00,20.31,NA,83.21,166.22,225.79,3.36,1.52,0.83,8.41,NA,NA,NA,NA,NA,NA,NA,84.36,NA,NA,NA,NA,107.79,923.60,NA
2021-10-13 00:00:00,21.02,NA,12.20,21.59,29.66,2.67,1.55,0.83,8.32,NA,NA,NA,NA,NA,NA,NA,83.88,NA,NA,NA,NA,102.15,923.67,NA
2021-10-14 00:00:00,18.06,NA,109.52,212.74,109.37,4.82,1.59,0.87,6.97,NA,NA,NA,NA,NA,NA,NA,79.45,NA,NA,NA,NA,131.63,922.30,NA
2021-10-15 00:00:00,28.12,NA,209.84,412.84,441.64,NA,1.42,1.03,9.38,NA,NA,NA,NA,NA,NA,NA,84.40,NA,NA,NA,NA,52.76,924.33,NA
2021-10-16 00:00:00,37.83,NA,96.14,190.49,51.25,NA,1.58,1.07,10.16,NA,NA,NA,NA,NA,NA,NA,78.79,NA,NA,NA,NA,71.09,924.15,NA
2021-10-17 00:00:00,27.83,NA,19.75,28.17,38.96,3.40,1.44,0.88,10.59,NA,NA,NA,NA,NA,NA,NA,92.35,NA,NA,NA,NA,48.71,926.06,NA
2021-10-18 00:00:00,31.66,10.20,13.39,30.49,38.99,6.04,1.41,0.97,10.45,NA,NA,NA,NA,NA,NA,NA,86.13,NA,NA,NA,NA,97.42,925.20,NA
2021-10-19 00:00:00,45.78,NA,14.54,45.05,59.60,1.26,1.51,1.09,14.77,NA,NA,NA,NA,NA,NA,NA,69.85,NA,NA,NA,NA,173.00,919.40,NA
2021-10-20 00:00:00,58.67,NA,17.13,47.62,64.75,1.86,1.57,1.18,16.05,NA,NA,NA,NA,NA,NA,NA,74.71,NA,NA,NA,NA,72.09,922.61,NA
2021-10-21 00:00:00,49.23,21.43,19.92,47.58,67.51,4.57,1.83,1.18,16.30,NA,NA,NA,NA,NA,NA,NA,70.05,NA,NA,NA,NA,125.68,921.49,NA
2021-10-22 00:00:00,36.92,10.66,21.53,47.14,68.67,6.23,1.51,1.05,16.43,NA,NA,NA,NA,NA,NA,NA,77.62,NA,NA,NA,NA,87.05,921.26,NA
2021-10-23 00:00:00,48.95,NA,20.81,43.73,64.54,7.25,1.62,1.16,11.93,NA,NA,NA,NA,NA,NA,NA,78.73,NA,NA,NA,NA,91.42,923.37,NA
2021-10-24 00:00:00,19.00,10.60,19.13,50.37,69.50,4.11,1.53,0.77,28.66,NA,NA,NA,NA,NA,NA,NA,74.11,NA,NA,NA,NA,168.12,922.96,NA
2021-10-25 00:00:00,35.01,NA,21.09,58.12,79.22,2.68,1.70,1.01,29.24,NA,NA,NA,NA,NA,NA,NA,75.44,NA,NA,NA,NA,100.63,921.63,NA
2021-10-26 00:00:00,32.32,21.79,19.60,40.08,59.68,19.46,1.60,1.11,22.55,NA,NA,NA,NA,NA,NA,NA,74.77,NA,NA,NA,NA,66.90,920.90,NA
2021-10-27 00:00:00,59.56,NA,20.80,41.46,62.25,30.76,1.39,1.18,20.40,NA,NA,NA,NA,NA,NA,NA,73.59,NA,NA,NA,NA,63.89,922.07,NA
2021-10-28 00:00:00,55.98,NA,20.11,39.91,60.02,31.64,3.02,1.10,27.37,NA,NA,NA,NA,NA,NA,NA,71.53,NA,NA,NA,NA,94.66,921.77,NA
2021-10-29 00:00:00,35.95,11.14,17.09,32.45,49.52,30.19,4.48,1.07,19.55,0.53,0.80,NA,NA,0.53,0.27,NA,85.13,NA,NA,NA,NA,37.24,927.34,NA
2021-10-30 00:00:00,13.85,18.00,14.87,26.68,41.56,30.85,4.71,0.98,16.03,NA,NA,NA,NA,NA,NA,NA,81.42,NA,NA,NA,NA,71.50,925.85,NA
2021-10-31 00:00:00,10.88,18.00,14.40,24.63,39.03,32.01,4.40,0.91,17.29,NA,NA,NA,NA,NA,NA,NA,82.50,NA,NA,NA,NA,83.11,923.37,NA
2021-11-01 00:00:00,11.88,18.00,12.23,20.51,32.73,30.86,4.61,0.83,18.84,0.51,0.80,NA,NA,0.53,0.30,NA,86.74,NA,NA,NA,NA,69.32,926.39,NA
2021-11-02 00:00:00,12.05,18.00,12.26,21.42,33.68,30.57,4.47,0.93,16.95,0.50,0.80,NA,NA,0.53,0.30,NA,87.84,NA,NA,NA,NA,39.64,925.92,NA
2021-11-03 00:00:00,26.54,37.25,11.56,20.33,31.89,22.43,3.81,0.89,13.79,0.43,0.28,NA,NA,NA,NA,NA,83.56,NA,NA,NA,NA,56.96,924.78,NA
2021-11-04 00:00:00,31.23,53.84,10.62,19.81,30.44,11.79,1.94,0.72,4.44,0.53,0.34,NA,NA,NA,NA,NA,79.81,NA,NA,NA,NA,64.16,923.47,NA
2021-11-05 00:00:00,41.86,55.90,9.74,18.85,28.50,32.32,2.21,0.68,20.61,0.52,0.34,NA,NA,NA,NA,NA,89.39,NA,NA,NA,NA,37.70,928.14,NA
2021-11-06 00:00:00,27.16,52.22,11.30,25.81,37.11,29.85,4.99,0.71,32.55,0.52,0.34,NA,NA,NA,NA,NA,73.03,NA,NA,NA,NA,123.39,924.20,NA
2021-11-07 00:00:00,47.96,58.23,11.35,25.88,37.23,28.35,4.73,0.73,31.70,0.52,0.34,NA,NA,NA,NA,NA,86.29,NA,NA,NA,NA,31.53,926.12,NA
2021-11-08 00:00:00,56.60,69.05,10.85,20.57,31.42,30.89,4.94,1.07,7.60,0.53,0.34,NA,NA,NA,NA,NA,87.07,NA,NA,NA,NA,20.86,927.29,NA
2021-11-09 00:00:00,37.03,60.83,9.45,18.40,27.86,30.82,5.16,0.95,10.15,0.52,0.34,NA,NA,NA,NA,NA,68.38,NA,NA,NA,NA,104.58,921.95,NA
2021-11-10 00:00:00,31.47,57.25,10.15,20.55,30.70,31.30,4.91,0.91,12.80,0.53,0.34,NA,NA,NA,NA,NA,77.42,NA,NA,NA,NA,32.34,922.77,NA
2021-11-11 00:00:00,37.31,55.87,9.10,16.95,26.05,31.34,4.84,0.77,17.33,0.52,0.34,NA,NA,NA,NA,NA,97.09,NA,NA,NA,NA,12.82,929.49,NA
2021-11-12 00:00:00,23.24,57.35,8.43,15.98,24.41,31.40,5.02,0.93,11.28,0.53,0.34,NA,NA,NA,NA,NA,NA,NA,NA,NA,NA,14.22,930.00,NA
2021-11-13 00:00:00,7.98,50.87,9.09,17.53,26.62,31.53,5.09,1.14,6.92,0.52,0.34,NA,NA,NA,NA,NA,85.69,NA,NA,NA,NA,64.48,927.82,NA
2021-11-14 00:00:00,8.96,50.87,8.46,17.63,26.10,30.05,4.78,0.91,38.10,NA,NA,NA,NA,NA,NA,NA,89.37,NA,NA,NA,NA,49.79,927.84,NA
2021-11-15 00:00:00,30.24,47.92,8.77,19.71,28.48,29.35,5.02,0.80,39.48,NA,NA,NA,NA,NA,NA,NA,81.42,NA,NA,NA,NA,73.77,925.70,NA
2021-11-16 00:00:00,35.30,49.41,9.69,22.20,31.90,29.49,4.93,0.96,36.09,NA,NA,NA,NA,NA,NA,NA,87.63,NA,NA,NA,NA,77.29,926.31,NA
2021-11-17 00:00:00,38.23,52.00,10.13,23.69,33.82,29.22,4.99,0.92,35.64,NA,NA,NA,NA,NA,NA,NA,84.26,NA,NA,NA,NA,93.81,925.29,NA
2021-11-18 00:00:00,38.23,52.00,10.12,23.40,33.54,29.50,4.94,0.85,39.52,NA,NA,NA,NA,NA,NA,NA,NA,NA,NA,NA,NA,7.57,927.61,NA
2021-11-19 00:00:00,38.23,52.00,8.75,19.67,28.42,29.68,5.10,0.67,41.97,NA,NA,NA,NA,NA,NA,NA,NA,NA,NA,NA,NA,24.96,928.09,NA
2021-11-20 00:00:00,37.60,54.08,7.92,17.83,25.75,28.85,4.98,0.67,32.37,NA,NA,NA,NA,NA,NA,NA,95.58,NA,NA,NA,NA,41.86,927.05,NA
2021-11-21 00:00:00,36.23,55.00,8.69,20.13,28.83,29.30,4.82,0.65,42.28,NA,NA,NA,NA,NA,NA,NA,73.80,NA,NA,NA,NA,109.11,923.56,NA
2021-11-22 00:00:00,36.23,55.00,10.72,25.67,36.39,29.46,5.06,0.92,35.54,NA,NA,NA,NA,NA,NA,NA,77.13,NA,NA,NA,NA,108.99,923.63,NA
2021-11-23 00:00:00,36.23,55.00,11.54,27.99,39.53,29.44,5.18,0.90,32.29,NA,NA,NA,NA,NA,NA,NA,73.94,NA,NA,NA,NA,150.10,921.23,NA
2021-11-24 00:00:00,36.23,55.00,11.82,29.02,40.84,28.56,5.09,0.87,33.49,NA,NA,NA,NA,NA,NA,NA,67.54,NA,NA,NA,NA,103.81,922.86,NA
2021-11-25 00:00:00,36.23,55.00,11.80,29.34,41.14,28.37,5.02,0.85,33.01,NA,NA,NA,NA,NA,NA,NA,71.35,NA,NA,NA,NA,131.62,920.66,NA
2021-11-26 00:00:00,36.23,55.00,11.62,29.05,40.67,27.62,5.05,0.83,35.03,NA,NA,NA,NA,NA,NA,NA,81.46,NA,NA,NA,NA,71.52,920.62,NA
2021-11-27 00:00:00,36.23,55.00,11.27,27.28,38.55,28.03,4.97,0.88,37.48,NA,NA,NA,NA,NA,NA,NA,89.48,NA,NA,NA,NA,23.60,924.02,NA
2021-11-28 00:00:00,36.23,55.00,10.11,23.76,33.87,28.38,4.88,0.75,39.26,NA,NA,NA,NA,NA,NA,NA,95.94,NA,NA,NA,NA,14.34,925.53,NA
2021-11-29 00:00:00,36.23,55.00,10.03,23.68,33.70,28.79,4.99,0.74,38.35,NA,NA,NA,NA,NA,NA,NA,91.99,NA,NA,NA,NA,19.74,924.70,NA
2021-11-30 00:00:00,36.23,55.00,10.01,24.08,34.24,28.52,5.01,0.82,37.33,NA,NA,NA,NA,NA,NA,NA,78.87,NA,NA,NA,NA,66.14,922.22,NA
2021-12-01 00:00:00,36.23,55.00,9.86,21.02,30.88,29.40,4.82,0.95,14.32,NA,NA,NA,NA,NA,NA,NA,86.33,NA,NA,NA,NA,50.54,922.71,NA
2021-12-02 00:00:00,36.23,55.00,9.44,20.13,29.57,29.73,5.07,1.05,11.01,NA,NA,NA,NA,NA,NA,NA,84.17,NA,NA,NA,NA,42.03,922.84,NA
2021-12-03 00:00:00,36.23,55.00,9.51,19.60,29.10,29.85,4.91,1.07,11.65,NA,NA,NA,NA,NA,NA,NA,83.68,NA,NA,NA,NA,54.75,923.89,NA
2021-12-04 00:00:00,36.23,55.00,9.39,19.19,28.58,30.12,4.97,1.09,NA,NA,NA,NA,NA,NA,NA,NA,74.02,NA,NA,NA,NA,92.51,920.79,NA
2021-12-05 00:00:00,36.23,55.00,8.02,16.41,24.42,29.77,5.06,0.74,NA,NA,NA,NA,NA,NA,NA,NA,82.64,NA,NA,NA,NA,81.87,923.01,NA
2021-12-06 00:00:00,36.23,55.00,8.78,18.49,27.27,29.69,5.16,1.01,NA,NA,NA,NA,NA,NA,NA,NA,80.01,NA,NA,NA,NA,69.52,920.49,NA
2021-12-07 00:00:00,36.20,55.00,9.06,18.45,27.51,30.13,5.27,0.98,7.96,0.52,0.34,NA,NA,NA,NA,NA,65.42,NA,NA,NA,NA,109.90,918.56,NA
2021-12-08 00:00:00,NA,55.00,9.11,18.79,27.90,29.84,4.92,0.87,10.16,0.52,0.34,NA,NA,NA,NA,NA,71.85,NA,NA,NA,NA,139.64,918.30,NA
2021-12-09 00:00:00,36.00,55.00,9.59,19.07,28.66,30.43,5.04,0.90,6.48,0.52,0.34,NA,NA,NA,NA,NA,82.01,NA,NA,NA,NA,49.43,922.25,NA
2021-12-10 00:00:00,36.23,55.00,9.09,18.39,27.49,30.05,4.78,0.85,8.93,NA,NA,NA,NA,NA,NA,NA,65.55,NA,NA,NA,NA,160.66,918.47,NA
2021-12-11 00:00:00,817.60,55.00,8.87,18.10,26.99,29.29,4.83,0.85,7.94,NA,NA,NA,NA,NA,NA,NA,83.99,NA,NA,NA,NA,59.18,922.25,NA
2021-12-12 00:00:00,38.41,55.00,7.67,15.31,22.97,29.47,4.85,0.72,9.12,NA,NA,NA,NA,NA,NA,NA,77.11,NA,NA,NA,NA,88.49,921.85,NA
2021-12-13 00:00:00,37.71,55.00,8.05,16.49,24.54,29.37,4.95,0.83,8.76,NA,NA,NA,NA,NA,NA,NA,81.83,NA,NA,NA,NA,44.62,924.25,NA
2021-12-14 00:00:00,NA,55.00,7.93,16.39,24.32,29.45,5.10,0.89,9.61,NA,NA,NA,NA,NA,NA,NA,80.63,NA,NA,NA,NA,64.06,922.77,NA
2021-12-15 00:00:00,41.77,55.00,8.21,17.55,25.76,29.04,5.11,0.93,10.58,NA,NA,NA,NA,NA,NA,NA,86.89,NA,NA,NA,NA,38.24,922.88,NA
2021-12-16 00:00:00,39.93,55.00,8.52,18.17,26.70,29.43,4.82,0.97,12.68,NA,NA,NA,NA,NA,NA,NA,65.75,NA,NA,NA,NA,129.97,919.77,NA
2021-12-17 00:00:00,36.67,55.00,8.90,19.55,28.45,29.16,4.85,0.96,13.57,NA,NA,NA,NA,NA,NA,NA,62.92,NA,NA,NA,NA,136.72,918.12,NA
2021-12-18 00:00:00,203.91,55.00,9.13,19.89,29.01,28.84,4.73,0.94,13.37,0.52,0.34,NA,NA,NA,NA,NA,70.54,NA,NA,NA,NA,114.97,920.01,NA
2021-12-19 00:00:00,NA,55.00,8.81,18.31,27.12,28.86,5.08,0.76,15.74,0.52,0.34,NA,NA,NA,NA,NA,62.35,NA,NA,NA,NA,146.56,916.65,NA
2021-12-20 00:00:00,NA,55.00,9.48,20.66,30.15,28.44,4.97,0.88,13.82,0.52,0.34,NA,NA,NA,NA,NA,67.55,NA,NA,NA,NA,142.94,917.83,NA
2021-12-21 00:00:00,33.33,55.00,10.74,25.82,36.57,27.61,4.82,1.17,15.71,0.52,0.34,NA,NA,NA,NA,NA,66.93,NA,NA,NA,NA,112.93,919.49,NA
2021-12-22 00:00:00,NA,55.00,10.86,26.67,37.53,27.78,4.94,1.15,14.08,0.52,0.34,NA,NA,NA,NA,NA,65.41,NA,NA,NA,NA,131.58,916.93,NA
2021-12-23 00:00:00,NA,55.00,11.15,25.98,37.13,27.96,5.01,1.12,14.63,0.52,0.34,NA,NA,NA,NA,NA,66.86,NA,NA,NA,NA,117.74,917.43,NA
2021-12-24 00:00:00,18.36,55.00,11.99,28.23,40.22,28.20,5.04,1.04,13.67,0.52,0.34,NA,NA,NA,NA,NA,54.44,NA,NA,NA,NA,142.53,914.50,NA
2021-12-25 00:00:00,29.61,55.00,11.10,26.97,38.07,27.65,4.89,0.99,12.68,0.52,0.34,NA,NA,NA,NA,NA,54.78,NA,NA,NA,NA,140.00,913.94,NA
2021-12-26 00:00:00,18.78,55.00,9.64,21.63,31.32,28.15,5.12,0.76,14.72,0.52,0.34,NA,NA,NA,NA,NA,59.70,NA,NA,NA,NA,137.52,915.29,NA
2021-12-27 00:00:00,NA,55.00,9.84,21.64,31.49,28.26,4.88,0.81,NA,NA,NA,NA,NA,NA,NA,NA,66.36,NA,NA,NA,NA,143.60,917.71,NA
2021-12-28 00:00:00,NA,55.00,8.80,19.26,28.06,28.11,4.86,0.80,NA,NA,NA,NA,NA,NA,NA,NA,69.99,NA,NA,NA,NA,136.53,918.39,NA
2021-12-29 00:00:00,NA,55.00,8.90,20.09,28.98,27.85,4.83,0.83,NA,NA,NA,NA,NA,NA,NA,NA,71.62,NA,NA,NA,NA,95.50,919.33,NA
2021-12-30 00:00:00,16.23,48.02,9.68,20.86,30.54,29.07,5.03,0.74,6.69,0.53,0.34,NA,NA,NA,NA,NA,71.83,NA,NA,NA,NA,119.06,919.76,NA
2021-12-31 00:00:00,28.47,40.64,10.19,21.20,31.39,18.18,3.62,0.85,22.53,0.78,1.88,NA,NA,0.34,0.45,NA,82.88,NA,NA,NA,NA,23.06,923.58,NA
